Employee_Name,EmpID,MarriedID,MaritalStatusID,GenderID,EmpStatusID,DeptID,PerfScoreID,FromDiversityJobFairID,Salary,Termd,PositionID,Position,State,Zip,DOB,Sex,MaritalDesc,CitizenDesc,HispanicLatino,RaceDesc,DateofHire,DateofTermination,TermReason,EmploymentStatus,Department,ManagerName,ManagerID,RecruitmentSource,PerformanceScore,EngagementSurvey,EmpSatisfaction,SpecialProjectsCount,LastPerformanceReview_Date,DaysLateLast30,Absences
"Adinolfi, Wilson  K",10026,0,0,1,1,5,4,0,62506,0,19,Production Technician I,MA,1960,07-10-1983,M ,Single,US Citizen,No,White,07-05-2011,,N/A-StillEmployed,Active,Production       ,Michael Albert,22,LinkedIn,Exceeds,4.6,5,0,1/17/2019,0,1
"Ait Sidi, Karthikeyan   ",10084,1,1,1,5,3,3,0,104437,1,27,Sr. DBA,MA,2148,05-05-1975,M ,Married,US Citizen,No,White,3/30/2015,6/16/2016,career change,Voluntarily Terminated,IT/IS,Simon Roup,4,Indeed,Fully Meets,4.96,3,6,2/24/2016,0,17
"Akinkuolie, Sarah",10196,1,1,0,5,5,3,0,64955,1,20,Production Technician II,MA,1810,09/19/88,F,Married,US Citizen,No,White,07-05-2011,9/24/2012,hours,Voluntarily Terminated,Production       ,Kissy Sullivan,20,LinkedIn,Fully Meets,3.02,3,0,5/15/2012,0,3
"Alagbe,Trina",10088,1,1,0,1,5,3,0,64991,0,19,Production Technician I,MA,1886,09/27/88,F,Married,US Citizen,No,White,01-07-2008,,N/A-StillEmployed,Active,Production       ,Elijiah Gray,16,Indeed,Fully Meets,4.84,5,0,01-03-2019,0,15
"Anderson, Carol ",10069,0,2,0,5,5,3,0,50825,1,19,Production Technician I,MA,2169,09-08-1989,F,Divorced,US Citizen,No,White,07-11-2011,09-06-2016,return to school,Voluntarily Terminated,Production       ,Webster Butler,39,Google Search,Fully Meets,5,4,0,02-01-2016,0,2
"Anderson, Linda  ",10002,0,0,0,1,5,4,0,57568,0,19,Production Technician I,MA,1844,05/22/77,F,Single,US Citizen,No,White,01-09-2012,,N/A-StillEmployed,Active,Production       ,Amy Dunn,11,LinkedIn,Exceeds,5,5,0,01-07-2019,0,15
"Andreola, Colby",10194,0,0,0,1,4,3,0,95660,0,24,Software Engineer,MA,2110,05/24/79,F,Single,US Citizen,No,White,11-10-2014,,N/A-StillEmployed,Active,Software Engineering,Alex Sweetwater,10,LinkedIn,Fully Meets,3.04,3,4,01-02-2019,0,19
"Athwal, Sam",10062,0,4,1,1,5,3,0,59365,0,19,Production Technician I,MA,2199,02/18/83,M ,Widowed,US Citizen,No,White,9/30/2013,,N/A-StillEmployed,Active,Production       ,Ketsia Liebig,19,Employee Referral,Fully Meets,5,4,0,2/25/2019,0,19
"Bachiochi, Linda",10114,0,0,0,3,5,3,1,47837,0,19,Production Technician I,MA,1902,02-11-1970,F,Single,US Citizen,No,Black or African American,07-06-2009,,N/A-StillEmployed,Active,Production       ,Brannon Miller,12,Diversity Job Fair,Fully Meets,4.46,3,0,1/25/2019,0,4
"Bacong, Alejandro ",10250,0,2,1,1,3,3,0,50178,0,14,IT Support,MA,1886,01-07-1988,M ,Divorced,US Citizen,No,White,01-05-2015,,N/A-StillEmployed,Active,IT/IS,Peter Monroe,7,Indeed,Fully Meets,5,5,6,2/18/2019,0,16
"Baczenski, Rachael  ",10252,1,1,0,5,5,3,1,54670,1,19,Production Technician I,MA,1902,01-12-1974,F,Married,US Citizen,Yes,Black or African American,01-10-2011,01-12-2017,Another position,Voluntarily Terminated,Production       ,David Stanley,14,Diversity Job Fair,Fully Meets,4.2,4,0,1/30/2016,0,12
"Barbara, Thomas",10242,1,1,1,5,5,3,1,47211,1,19,Production Technician I,MA,2062,02/21/74,M ,Married,US Citizen,Yes,Black or African American,04-02-2012,9/19/2016,unhappy,Voluntarily Terminated,Production       ,Kissy Sullivan,20,Diversity Job Fair,Fully Meets,4.2,3,0,05-06-2016,0,15
"Barbossa, Hector",10012,0,2,1,1,3,4,1,92328,0,9,Data Analyst,TX,78230,07-04-1988,M ,Divorced,US Citizen,No,Black or African American,11-10-2014,,N/A-StillEmployed,Active,IT/IS,Simon Roup,4,Diversity Job Fair,Exceeds,4.28,4,5,2/25/2019,0,9
"Barone, Francesco  A",10265,0,0,1,1,5,3,0,58709,0,19,Production Technician I,MA,1810,07/20/83,M ,Single,US Citizen,No,Two or more races,2/20/2012,,N/A-StillEmployed,Active,Production       ,Kelley Spirea,18,Google Search,Fully Meets,4.6,4,0,2/14/2019,0,7
"Barton, Nader",10066,0,2,1,5,5,3,0,52505,1,19,Production Technician I,MA,2747,07/15/77,M ,Divorced,US Citizen,No,White,9/24/2012,04-06-2017,Another position,Voluntarily Terminated,Production       ,Michael Albert,22,On-line Web application,Fully Meets,5,5,0,03-02-2017,0,1
"Bates, Norman",10061,0,0,1,4,5,3,0,57834,1,19,Production Technician I,MA,2050,10/18/81,M ,Single,US Citizen,No,White,2/21/2011,08-04-2017,attendance,Terminated for Cause,Production       ,Kelley Spirea,18,Google Search,Fully Meets,5,4,0,04-05-2017,0,20
"Beak, Kimberly  ",10023,1,1,0,2,5,4,0,70131,0,20,Production Technician II,MA,2145,04/17/66,F,Married,US Citizen,No,White,7/21/2016,,N/A-StillEmployed,Active,Production       ,Kelley Spirea,18,Employee Referral,Exceeds,4.4,3,0,1/14/2019,0,16
"Beatrice, Courtney ",10055,0,0,0,1,5,3,0,59026,0,19,Production Technician I,MA,1915,10/27/70,F,Single,Eligible NonCitizen,No,White,04-04-2011,,N/A-StillEmployed,Active,Production       ,Elijiah Gray,16,Google Search,Fully Meets,5,5,0,1/14/2019,0,12
"Becker, Renee",10245,0,0,0,4,3,3,0,110000,1,8,Database Administrator,MA,2026,04-04-1986,F,Single,US Citizen,Yes,White,07-07-2014,09-12-2015,performance,Terminated for Cause,IT/IS,Simon Roup,4,Google Search,Fully Meets,4.5,4,5,1/15/2015,0,8
"Becker, Scott",10277,0,0,1,3,5,3,0,53250,0,19,Production Technician I,MA,2452,04-06-1979,M ,Single,US Citizen,No,Asian,07-08-2013,,N/A-StillEmployed,Active,Production       ,Webster Butler,,LinkedIn,Fully Meets,4.2,4,0,01-11-2019,0,13
"Bernstein, Sean",10046,0,0,1,1,5,3,0,51044,0,19,Production Technician I,MA,2072,12/22/70,M ,Single,US Citizen,Yes,White,04-02-2012,,N/A-StillEmployed,Active,Production       ,Amy Dunn,11,Google Search,Fully Meets,5,3,0,1/14/2019,0,13
"Biden, Lowan  M",10226,0,2,0,1,5,3,0,64919,0,19,Production Technician I,MA,2027,12/27/58,F,Divorced,US Citizen,No,Asian,8/19/2013,,N/A-StillEmployed,Active,Production       ,Ketsia Liebig,19,Indeed,Fully Meets,4.2,3,0,01-10-2019,0,2
"Billis, Helen",10003,1,1,0,1,5,4,0,62910,0,19,Production Technician I,MA,2031,09-01-1989,F,Married,US Citizen,No,White,07-07-2014,,N/A-StillEmployed,Active,Production       ,Brannon Miller,12,Indeed,Exceeds,5,3,0,2/27/2019,0,19
"Blount, Dianna",10294,0,0,0,1,5,2,0,66441,0,20,Production Technician II,MA,2171,09/21/90,F,Single,US Citizen,No,White,04-04-2011,,N/A-StillEmployed,Active,Production       ,Michael Albert,22,CareerBuilder,Needs Improvement,2,3,0,2/27/2019,2,3
"Bondwell, Betsy",10267,0,0,0,5,5,3,0,57815,1,20,Production Technician II,MA,2210,01/16/67,F,Single,US Citizen,No,White,01-10-2011,04-04-2014,career change,Voluntarily Terminated,Production       ,Elijiah Gray,16,Google Search,Fully Meets,4.8,5,0,03-04-2014,0,5
"Booth, Frank",10199,0,0,1,4,3,3,0,103613,1,30,Enterprise Architect,CT,6033,07/30/64,M ,Single,US Citizen,No,Black or African American,2/17/2014,2/19/2016,Learned that he is a gangster,Terminated for Cause,IT/IS,Simon Roup,4,LinkedIn,Fully Meets,3.5,5,7,01-10-2016,0,2
"Boutwell, Bonalyn",10081,1,1,0,1,1,3,1,106367,0,26,Sr. Accountant,MA,2468,04-04-1987,F,Married,US Citizen,No,Black or African American,2/16/2015,,N/A-StillEmployed,Active,Admin Offices,Brandon R. LeBlanc,3,Diversity Job Fair,Fully Meets,5,4,3,2/18/2019,0,4
"Bozzi, Charles",10175,0,0,1,5,5,3,0,74312,1,18,Production Manager,MA,1901,03-10-1970,M ,Single,US Citizen,No,Asian,9/30/2013,08-07-2014,retiring,Voluntarily Terminated,Production       ,Janet King,2,Indeed,Fully Meets,3.39,3,0,2/20/2014,0,14
"Brill, Donna",10177,1,1,0,5,5,3,0,53492,1,19,Production Technician I,MA,1701,08/24/90,F,Married,US Citizen,No,White,04-02-2012,6/15/2013,Another position,Voluntarily Terminated,Production       ,David Stanley,14,Google Search,Fully Meets,3.35,4,0,03-04-2013,0,6
"Brown, Mia",10238,1,1,0,1,1,3,1,63000,0,1,Accountant I,MA,1450,11/24/87,F,Married,US Citizen,No,Black or African American,10/27/2008,,N/A-StillEmployed,Active,Admin Offices,Brandon R. LeBlanc,1,Diversity Job Fair,Fully Meets,4.5,2,6,1/15/2019,0,14
"Buccheri, Joseph  ",10184,0,0,1,1,5,3,0,65288,0,20,Production Technician II,MA,1013,07/28/83,M ,Single,US Citizen,No,White,9/29/2014,,N/A-StillEmployed,Active,Production       ,Webster Butler,,Google Search,Fully Meets,3.19,3,0,02-01-2019,0,9
"Bugali, Josephine ",10203,0,3,0,3,5,3,1,64375,0,19,Production Technician I,MA,2043,10/30/69,F,Separated,US Citizen,No,Black or African American,11-11-2013,,N/A-StillEmployed,Active,Production       ,Kissy Sullivan,20,Diversity Job Fair,Fully Meets,3.5,5,0,1/21/2019,0,17
"Bunbury, Jessica",10188,1,1,0,5,6,3,0,74326,1,3,Area Sales Manager,VA,21851,06-01-1964,F,Married,Eligible NonCitizen,No,Black or African American,8/15/2011,08-02-2014,Another position,Voluntarily Terminated,Sales,John Smith,17,Google Search,Fully Meets,3.14,5,0,02-10-2013,1,19
"Burke, Joelle",10107,0,0,0,1,5,3,0,63763,0,20,Production Technician II,MA,2148,03-02-1980,F,Single,US Citizen,No,Black or African American,03-05-2012,,N/A-StillEmployed,Active,Production       ,Amy Dunn,11,Employee Referral,Fully Meets,4.51,4,0,2/21/2019,0,3
"Burkett, Benjamin ",10181,1,1,1,1,5,3,0,62162,0,20,Production Technician II,MA,1890,08/19/77,M ,Married,US Citizen,No,White,04-04-2011,,N/A-StillEmployed,Active,Production       ,Ketsia Liebig,19,Indeed,Fully Meets,3.25,5,0,1/14/2019,0,15
"Cady, Max ",10150,0,0,1,1,4,3,0,77692,0,25,Software Engineering Manager,MA,2184,11/22/66,M ,Single,US Citizen,No,White,8/15/2011,,N/A-StillEmployed,Active,Software Engineering,Jennifer Zamora,5,Google Search,Fully Meets,3.84,3,5,1/21/2019,0,4
"Candie, Calvin",10001,0,0,1,1,5,4,0,72640,0,18,Production Manager,MA,2169,08-09-1983,M ,Single,US Citizen,No,White,1/28/2016,,N/A-StillEmployed,Active,Production       ,Janet King,2,Indeed,Exceeds,5,3,0,2/22/2019,0,14
"Carabbio, Judith",10085,0,0,0,1,4,3,0,93396,0,24,Software Engineer,MA,2132,04-05-1987,F,Single,US Citizen,No,White,11-11-2013,,N/A-StillEmployed,Active,Software Engineering,Alex Sweetwater,10,Indeed,Fully Meets,4.96,4,6,1/30/2019,0,3
"Carey, Michael  ",10115,0,0,1,1,5,3,0,52846,0,19,Production Technician I,MA,1701,02-02-1983,M ,Single,US Citizen,No,Black or African American,3/31/2014,,N/A-StillEmployed,Active,Production       ,Kelley Spirea,18,LinkedIn,Fully Meets,4.43,3,0,02-01-2019,0,14
"Carr, Claudia  N",10082,0,0,0,2,3,3,0,100031,0,27,Sr. DBA,MA,1886,06-06-1986,F,Single,US Citizen,No,Black or African American,6/30/2016,,N/A-StillEmployed,Active,IT/IS,Simon Roup,4,LinkedIn,Fully Meets,5,5,6,2/18/2019,0,7
"Carter, Michelle ",10040,0,0,0,1,6,3,0,71860,0,3,Area Sales Manager,VT,5664,05/15/63,F,Single,US Citizen,No,White,8/18/2014,,N/A-StillEmployed,Active,Sales,John Smith,17,Indeed,Fully Meets,5,5,0,1/21/2019,0,7
"Chace, Beatrice ",10067,0,0,0,1,5,3,0,61656,0,19,Production Technician I,MA,2763,01-02-1951,F,Single,US Citizen,No,White,9/29/2014,,N/A-StillEmployed,Active,Production       ,Michael Albert,22,Google Search,Fully Meets,5,4,0,02-12-2019,0,11
"Champaigne, Brian",10108,1,1,1,1,3,3,0,110929,0,5,BI Director,MA,2045,02-09-1972,M ,Married,US Citizen,No,White,09-06-2016,,N/A-StillEmployed,Active,IT/IS,Jennifer Zamora,5,Indeed,Fully Meets,4.5,5,7,1/15/2019,0,8
"Chan, Lin",10210,0,0,0,1,5,3,0,54237,0,19,Production Technician I,MA,2170,02-12-1979,F,Single,US Citizen,No,White,05-12-2014,,N/A-StillEmployed,Active,Production       ,Elijiah Gray,16,Indeed,Fully Meets,3.3,4,0,2/19/2019,0,11
"Chang, Donovan  E",10154,0,0,1,1,5,3,0,60380,0,19,Production Technician I,MA,1845,08/24/83,M ,Single,US Citizen,No,White,07-08-2013,,N/A-StillEmployed,Active,Production       ,Webster Butler,,LinkedIn,Fully Meets,3.8,5,0,1/14/2019,0,4
"Chigurh, Anton",10200,0,0,1,1,6,3,0,66808,0,3,Area Sales Manager,TX,78207,06-11-1970,M ,Single,Eligible NonCitizen,No,Black or African American,5/14/2012,,N/A-StillEmployed,Active,Sales,Lynn Daneault,21,Employee Referral,Fully Meets,3,5,0,1/19/2019,0,17
"Chivukula, Enola",10240,0,0,0,5,5,3,0,64786,1,19,Production Technician I,MA,1775,08/27/83,F,Single,US Citizen,No,White,6/27/2011,11/15/2015,relocation out of area,Voluntarily Terminated,Production       ,Amy Dunn,11,Indeed,Fully Meets,4.3,4,0,03-10-2015,0,3
"Cierpiszewski, Caroline  ",10168,0,0,0,1,5,3,0,64816,0,19,Production Technician I,MA,2044,05/31/88,F,Single,Non-Citizen,No,Black or African American,10-03-2011,,N/A-StillEmployed,Active,Production       ,Ketsia Liebig,19,Indeed,Fully Meets,3.58,5,0,1/30/2019,0,3
"Clayton, Rick",10220,0,0,1,1,3,3,0,68678,0,14,IT Support,MA,2170,09-05-1985,M ,Single,US Citizen,No,White,09-05-2012,,N/A-StillEmployed,Active,IT/IS,Eric Dougall,6,Indeed,Fully Meets,4.7,3,6,2/27/2019,0,2
"Cloninger, Jennifer",10275,1,1,0,5,5,3,0,64066,1,20,Production Technician II,MA,1752,08/31/81,F,Married,US Citizen,No,White,5/16/2011,01-07-2013,unhappy,Voluntarily Terminated,Production       ,Brannon Miller,12,Google Search,Fully Meets,4.2,5,0,05-03-2012,0,9
"Close, Phil",10269,1,1,1,5,5,3,0,59369,1,20,Production Technician II,MA,2169,11/25/78,M ,Married,US Citizen,No,White,8/30/2010,9/26/2011,career change,Voluntarily Terminated,Production       ,David Stanley,14,Indeed,Fully Meets,4.2,4,0,05-04-2011,0,6
"Clukey, Elijian",10029,1,1,1,2,5,4,0,50373,0,19,Production Technician I,MA,2134,08/26/80,M ,Married,US Citizen,No,White,07-06-2016,,N/A-StillEmployed,Active,Production       ,Brannon Miller,12,Employee Referral,Exceeds,4.1,4,0,2/28/2019,0,5
"Cockel, James",10261,0,0,1,1,5,3,0,63108,0,19,Production Technician I,MA,2452,09-08-1977,M ,Single,US Citizen,No,White,07-08-2013,,N/A-StillEmployed,Active,Production       ,David Stanley,14,Employee Referral,Fully Meets,4.4,5,0,1/14/2019,0,3
"Cole, Spencer",10292,0,0,1,4,5,2,0,59144,1,19,Production Technician I,MA,1880,08-12-1979,M ,Single,US Citizen,No,Black or African American,07-11-2011,9/23/2016,performance,Terminated for Cause,Production       ,Kissy Sullivan,20,LinkedIn,Needs Improvement,2,3,0,05-01-2016,5,16
"Corleone, Michael",10282,0,2,1,1,5,2,0,68051,0,18,Production Manager,MA,1803,12/17/75,M ,Divorced,US Citizen,No,White,7/20/2010,,N/A-StillEmployed,Active,Production       ,Janet King,2,CareerBuilder,Needs Improvement,4.13,2,0,1/14/2019,3,3
"Corleone, Vito",10019,0,0,1,1,5,4,0,170500,0,10,Director of Operations,MA,2030,03/19/83,M ,Single,US Citizen,No,Black or African American,01-05-2009,,N/A-StillEmployed,Active,Production       ,Janet King,2,Indeed,Exceeds,3.7,5,0,02-04-2019,0,15
"Cornett, Lisa ",10094,1,1,0,1,5,3,0,63381,0,19,Production Technician I,MA,2189,03/31/77,F,Married,US Citizen,Yes,White,01-05-2015,,N/A-StillEmployed,Active,Production       ,Kelley Spirea,18,Indeed,Fully Meets,4.73,5,0,2/14/2019,0,6
"Costello, Frank",10193,1,1,1,1,3,3,0,83552,0,9,Data Analyst,MA,1810,08/26/86,M ,Married,US Citizen,No,White,3/30/2015,,N/A-StillEmployed,Active,IT/IS,Simon Roup,4,Indeed,Fully Meets,3.04,3,6,1/22/2019,0,2
"Crimmings,   Jean",10132,0,0,0,2,5,3,0,56149,0,19,Production Technician I,MA,1821,04-10-1987,F,Single,US Citizen,No,White,07-06-2016,,N/A-StillEmployed,Active,Production       ,Michael Albert,22,LinkedIn,Fully Meets,4.12,5,0,1/28/2019,0,15
"Cross, Noah",10083,0,0,1,1,3,3,0,92329,0,28,Sr. Network Engineer,CT,6278,09-09-1965,M ,Single,US Citizen,No,White,11-10-2014,,N/A-StillEmployed,Active,IT/IS,Peter Monroe,7,Employee Referral,Fully Meets,5,3,4,01-02-2019,0,5
"Daneault, Lynn",10099,0,0,0,1,6,3,0,65729,0,21,Sales Manager,VT,5473,04/19/90,F,Single,US Citizen,No,White,05-05-2014,,N/A-StillEmployed,Active,Sales,Debra Houlihan,15,Indeed,Fully Meets,4.62,4,0,1/24/2019,0,8
"Daniele, Ann  ",10212,1,1,0,3,3,3,0,85028,0,28,Sr. Network Engineer,CT,6033,01/18/52,F,Married,US Citizen,No,White,11-10-2014,,N/A-StillEmployed,Active,IT/IS,Peter Monroe,7,LinkedIn,Fully Meets,3.1,5,8,02-12-2019,0,19
"Darson, Jene'ya ",10056,1,1,0,1,5,3,0,57583,0,19,Production Technician I,MA,2110,11-05-1978,F,Married,US Citizen,No,White,07-02-2012,,N/A-StillEmployed,Active,Production       ,Elijiah Gray,16,Indeed,Fully Meets,5,3,0,2/25/2019,0,1
"Davis, Daniel",10143,0,0,1,1,5,3,0,56294,0,20,Production Technician II,MA,2458,09/14/79,M ,Single,Eligible NonCitizen,No,Two or more races,11-07-2011,,N/A-StillEmployed,Active,Production       ,Kissy Sullivan,20,LinkedIn,Fully Meets,3.96,4,0,2/27/2019,0,6
"Dee, Randy",10311,1,1,1,1,6,1,0,56991,0,19,Production Technician I,MA,2138,04/15/88,M ,Married,US Citizen,No,White,07-09-2018,,N/A-StillEmployed,Active,Production       ,Brannon Miller,12,Indeed,Fully Meets,4.3,4,3,1/31/2019,2,2
"DeGweck,  James",10070,1,1,1,5,5,3,0,55722,1,19,Production Technician I,MA,1810,10/31/77,M ,Married,US Citizen,No,White,5/16/2011,06-08-2016,unhappy,Voluntarily Terminated,Production       ,Webster Butler,39,Indeed,Fully Meets,5,4,0,04-02-2016,0,14
"Del Bosque, Keyla",10155,0,0,0,1,4,3,0,101199,0,24,Software Engineer,MA,2176,07-05-1979,F,Single,US Citizen,No,Black or African American,01-09-2012,,N/A-StillEmployed,Active,Software Engineering,Alex Sweetwater,10,CareerBuilder,Fully Meets,3.79,5,5,1/25/2019,0,8
"Delarge, Alex",10306,0,0,1,1,6,1,0,61568,0,3,Area Sales Manager,AL,36006,11-02-1975,M ,Single,US Citizen,No,Two or more races,9/29/2014,,N/A-StillEmployed,Active,Sales,John Smith,17,Indeed,PIP,1.93,3,0,1/30/2019,6,5
"Demita, Carla",10100,0,3,0,5,5,3,0,58275,1,20,Production Technician II,MA,2343,02/25/51,F,Separated,US Citizen,No,Black or African American,04-04-2011,11-04-2015,more money,Voluntarily Terminated,Production       ,Kelley Spirea,18,Google Search,Fully Meets,4.62,5,0,05-06-2015,0,1
"Desimone, Carl ",10310,1,1,1,1,5,1,0,53189,0,19,Production Technician I,MA,2061,04/19/67,M ,Married,US Citizen,No,White,07-07-2014,,N/A-StillEmployed,Active,Production       ,Amy Dunn,11,Indeed,PIP,1.12,2,0,1/31/2019,4,9
"DeVito, Tommy",10197,0,0,1,1,3,3,0,96820,0,4,BI Developer,MA,2045,09-04-1983,M ,Single,US Citizen,No,White,2/15/2017,,N/A-StillEmployed,Active,IT/IS,Brian Champaigne,13,Indeed,Fully Meets,3.01,5,7,1/23/2019,0,15
"Dickinson, Geoff ",10276,0,0,1,1,5,3,0,51259,0,19,Production Technician I,MA,2180,11/15/82,M ,Single,US Citizen,No,White,05-12-2014,,N/A-StillEmployed,Active,Production       ,Ketsia Liebig,19,Indeed,Fully Meets,4.3,4,0,2/19/2019,0,1
"Dietrich, Jenna  ",10304,0,0,0,1,6,1,0,59231,0,3,Area Sales Manager,WA,98052,05/14/87,F,Single,US Citizen,Yes,White,2/20/2012,,N/A-StillEmployed,Active,Sales,John Smith,17,Website,PIP,2.3,1,0,1/29/2019,2,17
"DiNocco, Lily ",10284,1,1,0,1,5,2,0,61584,0,19,Production Technician I,MA,2351,12-02-1978,F,Married,US Citizen,No,Black or African American,01-07-2013,,N/A-StillEmployed,Active,Production       ,Brannon Miller,12,Indeed,Needs Improvement,3.88,4,0,1/18/2019,0,6
"Dobrin, Denisa  S",10207,0,0,0,1,5,3,0,46335,0,19,Production Technician I,MA,2125,10-07-1986,F,Single,US Citizen,Yes,White,04-02-2012,,N/A-StillEmployed,Active,Production       ,David Stanley,14,CareerBuilder,Fully Meets,3.4,5,0,2/19/2019,0,15
"Dolan, Linda",10133,1,1,0,1,3,3,0,70621,0,14,IT Support,MA,2119,07/18/88,F,Married,US Citizen,No,White,01-05-2015,,N/A-StillEmployed,Active,IT/IS,Peter Monroe,7,Employee Referral,Fully Meets,4.11,4,6,2/25/2019,0,16
"Dougall, Eric",10028,0,0,1,1,3,4,0,138888,0,13,IT Manager - Support,MA,1886,07-09-1970,M ,Single,US Citizen,No,Black or African American,01-05-2014,,N/A-StillEmployed,Active,IT/IS,Jennifer Zamora,5,Indeed,Exceeds,4.3,5,5,01-04-2019,0,4
"Driver, Elle",10006,0,0,0,1,6,4,0,74241,0,3,Area Sales Manager,CA,90007,11-08-1988,F,Single,US Citizen,No,White,01-10-2011,,N/A-StillEmployed,Active,Sales,Lynn Daneault,21,Indeed,Exceeds,4.77,5,0,1/27/2019,0,14
"Dunn, Amy  ",10105,0,0,0,1,5,3,0,75188,0,18,Production Manager,MA,1731,11/28/73,F,Single,US Citizen,No,White,9/18/2014,,N/A-StillEmployed,Active,Production       ,Janet King,2,Google Search,Fully Meets,4.52,4,0,1/15/2019,0,4
"Dunne, Amy",10211,1,1,0,1,5,3,0,62514,0,19,Production Technician I,MA,1749,09/23/73,F,Married,US Citizen,No,White,4/26/2010,,N/A-StillEmployed,Active,Production       ,Ketsia Liebig,19,Google Search,Fully Meets,2.9,3,0,1/21/2019,0,6
"Eaton, Marianne",10064,1,1,0,5,5,3,0,60070,1,19,Production Technician I,MA,2343,09-05-1991,F,Married,US Citizen,No,White,04-04-2011,06-06-2017,military,Voluntarily Terminated,Production       ,Kissy Sullivan,20,Google Search,Fully Meets,5,3,0,04-09-2017,0,7
"Engdahl, Jean",10247,0,0,1,1,5,3,0,48888,0,19,Production Technician I,MA,2026,05/31/74,M ,Single,US Citizen,No,White,11-10-2014,,N/A-StillEmployed,Active,Production       ,Kelley Spirea,18,LinkedIn,Fully Meets,4.7,5,0,2/13/2019,0,8
"England, Rex",10235,1,1,1,1,5,3,0,54285,0,19,Production Technician I,MA,2045,08/25/78,M ,Married,US Citizen,No,White,3/31/2014,,N/A-StillEmployed,Active,Production       ,Kelley Spirea,18,Employee Referral,Fully Meets,4.2,3,0,01-11-2019,0,3
"Erilus, Angela",10299,0,3,0,1,5,1,0,56847,0,20,Production Technician II,MA,2133,08/25/89,F,Separated,US Citizen,No,White,07-07-2014,,N/A-StillEmployed,Active,Production       ,Michael Albert,22,Indeed,PIP,3,1,0,2/25/2019,2,5
"Estremera, Miguel",10280,0,0,1,4,5,2,0,60340,1,19,Production Technician I,MA,2129,09-02-1983,M ,Single,US Citizen,No,White,04-02-2012,9/27/2018,attendance,Terminated for Cause,Production       ,Michael Albert,22,Google Search,Needs Improvement,5,4,0,04-12-2018,5,16
"Evensen, April",10296,0,0,0,4,5,2,0,59124,1,19,Production Technician I,MA,2458,05-06-1989,F,Single,US Citizen,No,White,2/17/2014,2/25/2018,"no-call, no-show",Terminated for Cause,Production       ,Elijiah Gray,16,Google Search,Needs Improvement,2.3,3,0,1/15/2017,5,19
"Exantus, Susan",10290,1,1,0,4,4,2,0,99280,1,24,Software Engineer,MA,1749,05/15/87,F,Married,US Citizen,No,Black or African American,05-02-2011,06-05-2013,attendance,Terminated for Cause,Software Engineering,Alex Sweetwater,10,Indeed,Needs Improvement,2.1,5,4,08-10-2012,4,19
"Faller, Megan ",10263,1,1,0,1,5,3,0,71776,0,20,Production Technician II,MA,1824,09/22/78,F,Married,US Citizen,No,Black or African American,07-07-2014,,N/A-StillEmployed,Active,Production       ,Elijiah Gray,16,LinkedIn,Fully Meets,4.4,5,0,2/22/2019,0,17
"Fancett, Nicole",10136,0,0,0,1,5,3,0,65902,0,20,Production Technician II,MA,2324,09/27/87,F,Single,US Citizen,No,Black or African American,2/17/2014,,N/A-StillEmployed,Active,Production       ,Webster Butler,,LinkedIn,Fully Meets,4,4,0,01-07-2019,0,7
"Ferguson, Susan",10189,1,1,0,5,5,3,0,57748,1,19,Production Technician I,MA,2176,04/14/55,F,Married,US Citizen,No,White,11-07-2011,5/17/2016,military,Voluntarily Terminated,Production       ,Webster Butler,39,Google Search,Fully Meets,3.13,3,0,02-04-2016,0,16
"Fernandes, Nilson  ",10308,1,1,1,1,5,1,0,64057,0,19,Production Technician I,MA,2132,10/18/89,M ,Married,US Citizen,No,White,05-11-2015,,N/A-StillEmployed,Active,Production       ,Amy Dunn,11,Indeed,PIP,1.56,5,0,01-03-2019,6,15
"Fett, Boba",10309,0,0,1,1,3,1,0,53366,0,15,Network Engineer,MA,2138,06/18/87,M ,Single,US Citizen,No,White,3/30/2015,,N/A-StillEmployed,Active,IT/IS,Peter Monroe,7,LinkedIn,PIP,1.2,3,6,02-04-2019,3,2
"Fidelia,  Libby",10049,1,1,0,1,5,3,0,58530,0,19,Production Technician I,MA,2155,03/16/81,F,Married,US Citizen,No,White,01-09-2012,,N/A-StillEmployed,Active,Production       ,Brannon Miller,12,Google Search,Fully Meets,5,5,0,1/29/2019,0,19
"Fitzpatrick, Michael  J",10093,0,0,1,5,5,3,0,72609,1,20,Production Technician II,MA,2143,10-01-1981,M ,Single,US Citizen,Yes,White,5/16/2011,6/24/2013,hours,Voluntarily Terminated,Production       ,Amy Dunn,11,Google Search,Fully Meets,4.76,5,0,04-05-2013,0,20
"Foreman, Tanya",10163,1,1,0,5,5,3,0,55965,1,20,Production Technician II,MA,2170,11-08-1983,F,Married,US Citizen,No,White,04-04-2011,01-09-2013,career change,Voluntarily Terminated,Production       ,Ketsia Liebig,19,Google Search,Fully Meets,3.66,3,0,01-07-2012,0,6
"Forrest, Alex",10305,1,1,1,1,6,3,0,70187,1,3,Area Sales Manager,MA,2330,07-07-1975,M ,Married,US Citizen,No,White,9/29/2014,8/19/2018,Fatal attraction,Terminated for Cause,Sales,Lynn Daneault,21,Employee Referral,PIP,2,5,0,1/28/2019,4,7
"Foss, Jason",10015,0,0,1,1,3,4,0,178000,0,12,IT Director,MA,1460,07-05-1980,M ,Single,US Citizen,No,Black or African American,4/15/2011,,N/A-StillEmployed,Active,IT/IS,Jennifer Zamora,5,Indeed,Exceeds,5,5,5,01-07-2019,0,15
"Foster-Baker, Amy",10080,1,1,0,1,1,3,0,99351,0,26,Sr. Accountant,MA,2050,04/16/79,F,Married,US Citizen,no,White,01-05-2009,,N/A-StillEmployed,Active,Admin Offices,Board of Directors,9,Other,Fully Meets,5,3,2,02-08-2019,0,3
"Fraval, Maruk ",10258,0,0,1,1,6,3,0,67251,0,3,Area Sales Manager,CT,6050,08/28/63,M ,Single,US Citizen,No,Black or African American,09-06-2011,,N/A-StillEmployed,Active,Sales,Lynn Daneault,21,CareerBuilder,Fully Meets,4.3,3,0,1/27/2019,2,7
"Galia, Lisa",10273,0,0,0,1,3,3,0,65707,0,14,IT Support,CT,6040,07-06-1968,F,Single,US Citizen,No,White,05-01-2010,,N/A-StillEmployed,Active,IT/IS,Eric Dougall,6,LinkedIn,Fully Meets,4.7,4,5,02-01-2019,0,1
"Garcia, Raul",10111,0,0,1,1,5,3,0,52249,0,19,Production Technician I,MA,1905,09/15/85,M ,Single,US Citizen,Yes,White,3/30/2015,,N/A-StillEmployed,Active,Production       ,David Stanley,14,Employee Referral,Fully Meets,4.5,3,0,2/18/2019,0,5
"Gaul, Barbara",10257,0,0,0,1,5,3,0,53171,0,19,Production Technician I,MA,2121,12-02-1983,F,Single,US Citizen,Yes,Black or African American,5/16/2011,,N/A-StillEmployed,Active,Production       ,Kelley Spirea,18,LinkedIn,Fully Meets,4.2,4,0,2/26/2019,0,12
"Gentry, Mildred",10159,1,1,0,1,5,3,0,51337,0,19,Production Technician I,MA,2145,10-01-1990,F,Married,US Citizen,No,Black or African American,3/30/2015,,N/A-StillEmployed,Active,Production       ,Michael Albert,22,LinkedIn,Fully Meets,3.73,3,0,1/16/2019,0,19
"Gerke, Melisa",10122,0,2,0,5,5,3,1,51505,1,19,Production Technician I,MA,2330,05/15/70,F,Divorced,US Citizen,No,Black or African American,11-07-2011,11/15/2016,hours,Voluntarily Terminated,Production       ,Elijiah Gray,16,Diversity Job Fair,Fully Meets,4.24,4,0,4/29/2016,0,2
"Gill, Whitney  ",10142,0,4,0,4,6,3,0,59370,1,3,Area Sales Manager,OH,43050,07-10-1971,F,Widowed,US Citizen,No,Black or African American,07-07-2014,09-05-2015,attendance,Terminated for Cause,Sales,John Smith,17,CareerBuilder,Fully Meets,3.97,4,0,1/15/2014,0,7
"Gilles, Alex",10283,1,1,1,5,5,2,1,54933,1,19,Production Technician I,MA,2062,08-09-1974,M ,Married,US Citizen,No,Black or African American,04-02-2012,6/25/2015,military,Voluntarily Terminated,Production       ,Webster Butler,39,Diversity Job Fair,Needs Improvement,3.97,4,0,1/20/2015,3,15
"Girifalco, Evelyn",10018,0,0,0,1,5,4,0,57815,0,19,Production Technician I,MA,2451,05-08-1980,F,Single,US Citizen,Yes,Two or more races,9/29/2014,,N/A-StillEmployed,Active,Production       ,Amy Dunn,11,Indeed,Exceeds,3.9,4,0,02-07-2019,0,3
"Givens, Myriam",10255,0,0,0,1,6,3,0,61555,0,3,Area Sales Manager,IN,46204,09/22/89,F,Single,US Citizen,No,White,2/16/2015,,N/A-StillEmployed,Active,Sales,Lynn Daneault,21,Indeed,Fully Meets,4.5,5,0,1/25/2019,0,20
"Goble, Taisha",10246,0,0,0,4,3,3,0,114800,1,8,Database Administrator,MA,2127,10/23/71,F,Single,US Citizen,No,White,2/16/2015,3/15/2015,"no-call, no-show",Terminated for Cause,IT/IS,Simon Roup,4,Indeed,Fully Meets,4.6,4,4,1/20/2015,0,10
"Goeth, Amon",10228,1,1,1,1,3,3,0,74679,0,14,IT Support,MA,2135,11/24/89,M ,Married,US Citizen,Yes,White,3/30/2015,,N/A-StillEmployed,Active,IT/IS,Peter Monroe,7,LinkedIn,Fully Meets,4.3,5,7,01-10-2019,0,20
"Gold, Shenice  ",10243,0,0,0,1,5,3,0,53018,0,19,Production Technician I,MA,2451,06/18/92,F,Single,US Citizen,Yes,White,11-11-2013,,N/A-StillEmployed,Active,Production       ,Ketsia Liebig,19,Indeed,Fully Meets,4.3,5,0,2/18/2019,0,7
"Gonzalez, Cayo",10031,0,2,1,1,5,4,1,59892,0,19,Production Technician I,MA,2108,09/29/69,M ,Divorced,US Citizen,No,Black or African American,07-11-2011,,N/A-StillEmployed,Active,Production       ,Brannon Miller,12,Diversity Job Fair,Exceeds,4.5,4,0,2/18/2019,0,1
"Gonzalez, Juan",10300,1,1,1,5,5,1,1,68898,1,20,Production Technician II,MA,2128,10-12-1964,M ,Married,US Citizen,No,Black or African American,4/26/2010,5/30/2011,career change,Voluntarily Terminated,Production       ,Brannon Miller,12,Diversity Job Fair,PIP,3,3,0,03-06-2011,3,10
"Gonzalez, Maria",10101,0,3,0,1,3,3,0,61242,0,14,IT Support,MA,2472,04/16/81,F,Separated,US Citizen,Yes,White,01-05-2015,,N/A-StillEmployed,Active,IT/IS,Peter Monroe,7,Employee Referral,Fully Meets,4.61,4,5,1/28/2019,0,11
"Good, Susan",10237,1,1,0,3,5,3,0,66825,0,20,Production Technician II,MA,1886,05/25/86,F,Married,US Citizen,No,White,05-12-2014,,N/A-StillEmployed,Active,Production       ,David Stanley,14,LinkedIn,Fully Meets,4.6,3,0,02-07-2019,0,20
"Gordon, David",10051,1,1,1,1,5,3,0,48285,0,19,Production Technician I,MA,2169,05/21/79,M ,Married,US Citizen,No,White,07-02-2012,,N/A-StillEmployed,Active,Production       ,David Stanley,14,LinkedIn,Fully Meets,5,3,0,1/14/2019,0,2
"Gosciminski, Phylicia  ",10218,0,3,0,3,5,3,0,66149,0,20,Production Technician II,MA,1824,12-08-1983,F,Separated,US Citizen,No,American Indian or Alaska Native,9/30/2013,,N/A-StillEmployed,Active,Production       ,Kissy Sullivan,20,Google Search,Fully Meets,4.4,5,0,2/21/2019,0,1
"Goyal, Roxana",10256,1,1,0,3,5,3,0,49256,0,19,Production Technician I,MA,1864,10-09-1974,F,Married,US Citizen,No,Asian,8/19/2013,,N/A-StillEmployed,Active,Production       ,Kissy Sullivan,20,LinkedIn,Fully Meets,4.1,5,0,2/15/2019,0,3
"Gray, Elijiah  ",10098,0,2,1,1,5,3,0,62957,0,18,Production Manager,MA,1752,07-11-1981,M ,Divorced,US Citizen,No,White,06-02-2015,,N/A-StillEmployed,Active,Production       ,Janet King,2,Employee Referral,Fully Meets,4.63,3,0,01-04-2019,0,2
"Gross, Paula",10059,0,2,0,5,5,3,0,63813,1,19,Production Technician I,MA,2176,05/21/83,F,Divorced,US Citizen,No,White,2/21/2011,01-11-2014,more money,Voluntarily Terminated,Production       ,Kelley Spirea,18,CareerBuilder,Fully Meets,5,5,0,06-03-2013,0,17
"Gruber, Hans",10234,1,1,1,1,3,3,0,99020,0,4,BI Developer,MA,2134,06/30/89,M ,Married,US Citizen,No,Black or African American,4/20/2017,,N/A-StillEmployed,Active,IT/IS,Brian Champaigne,13,Indeed,Fully Meets,4.2,5,5,1/28/2019,0,8
"Guilianno, Mike",10109,0,0,1,5,6,3,0,71707,1,3,Area Sales Manager,TN,37129,02-09-1969,M ,Single,US Citizen,No,Two or more races,03-07-2012,10/31/2014,relocation out of area,Voluntarily Terminated,Sales,John Smith,17,LinkedIn,Fully Meets,4.5,5,0,02-01-2013,0,20
"Handschiegl, Joanne",10125,1,1,0,1,5,3,0,54828,0,19,Production Technician I,MA,2127,03/23/77,F,Married,US Citizen,No,White,11/28/2011,,N/A-StillEmployed,Active,Production       ,Michael Albert,22,Google Search,Fully Meets,4.2,4,0,2/22/2019,0,13
"Hankard, Earnest",10074,0,0,1,1,5,3,0,64246,0,20,Production Technician II,MA,2155,08-10-1988,M ,Single,US Citizen,Yes,White,11-11-2013,,N/A-StillEmployed,Active,Production       ,Kelley Spirea,18,LinkedIn,Fully Meets,5,3,0,01-08-2019,0,20
"Harrington, Christie ",10097,0,0,0,5,5,3,0,52177,1,19,Production Technician I,MA,2324,08/18/52,F,Single,US Citizen,No,White,01-09-2012,12/15/2015,retiring,Voluntarily Terminated,Production       ,Webster Butler,39,CareerBuilder,Fully Meets,4.64,4,0,05-02-2015,0,8
"Harrison, Kara",10007,1,1,0,1,5,4,0,62065,0,19,Production Technician I,MA,1886,05-02-1974,F,Married,US Citizen,No,White,05-12-2014,,N/A-StillEmployed,Active,Production       ,Amy Dunn,11,CareerBuilder,Exceeds,4.76,4,0,2/15/2019,0,5
"Heitzman, Anthony",10129,0,0,1,1,5,3,0,46998,0,19,Production Technician I,MA,2149,01-04-1984,M ,Single,US Citizen,No,White,8/13/2012,,N/A-StillEmployed,Active,Production       ,Ketsia Liebig,19,Google Search,Fully Meets,4.17,4,0,02-11-2019,0,1
"Hendrickson, Trina",10075,0,0,0,5,5,3,0,68099,1,20,Production Technician II,MA,2021,08/27/72,F,Single,US Citizen,No,White,01-10-2011,6/18/2013,hours,Voluntarily Terminated,Production       ,Kelley Spirea,18,CareerBuilder,Fully Meets,5,3,0,1/30/2013,0,15
"Hitchcock, Alfred",10167,1,1,1,1,6,3,0,70545,0,3,Area Sales Manager,NH,3062,09/14/88,M ,Married,US Citizen,No,American Indian or Alaska Native,8/18/2014,,N/A-StillEmployed,Active,Sales,John Smith,17,Indeed,Fully Meets,3.6,5,0,1/30/2019,0,9
"Homberger, Adrienne  J",10195,1,1,0,5,5,3,0,63478,1,20,Production Technician II,MA,2445,02/16/84,F,Married,Non-Citizen,No,White,8/15/2011,04-07-2012,relocation out of area,Voluntarily Terminated,Production       ,Michael Albert,30,Indeed,Fully Meets,3.03,5,0,03-05-2012,0,16
"Horton, Jayne",10112,0,0,0,1,3,3,0,97999,0,8,Database Administrator,MA,2493,02/21/84,F,Single,US Citizen,No,White,3/30/2015,,N/A-StillEmployed,Active,IT/IS,Simon Roup,4,Indeed,Fully Meets,4.48,5,6,01-03-2019,0,4
"Houlihan, Debra",10272,1,1,0,1,6,3,0,180000,0,11,Director of Sales,RI,2908,03/17/66,F,Married,US Citizen,No,White,05-05-2014,,N/A-StillEmployed,Active,Sales,Janet King,2,LinkedIn,Fully Meets,4.5,4,0,1/21/2019,0,19
"Howard, Estelle",10182,1,1,0,1,1,3,0,49920,1,2,Administrative Assistant,MA,2170,09/16/85,F,Married,US Citizen,No,Black or African American,2/16/2015,4/15/2015,"no-call, no-show",Terminated for Cause,Admin Offices,Brandon R. LeBlanc,1,Indeed,Fully Meets,3.24,3,4,4/15/2015,0,6
"Hudson, Jane",10248,0,0,0,1,5,3,0,55425,0,19,Production Technician I,MA,2176,06-10-1986,F,Single,US Citizen,No,White,2/20/2012,,N/A-StillEmployed,Active,Production       ,Ketsia Liebig,19,LinkedIn,Fully Meets,4.8,4,0,01-07-2019,0,4
"Hunts, Julissa",10201,0,0,0,2,5,3,0,69340,0,20,Production Technician II,MA,2021,03-11-1984,F,Single,US Citizen,No,White,06-06-2016,,N/A-StillEmployed,Active,Production       ,Elijiah Gray,16,LinkedIn,Fully Meets,3,5,0,1/18/2019,0,4
"Hutter, Rosalie",10214,0,3,0,2,5,3,0,64995,0,20,Production Technician II,MA,2351,05-07-1992,F,Separated,US Citizen,No,White,06-05-2015,,N/A-StillEmployed,Active,Production       ,Webster Butler,,Indeed,Fully Meets,4.5,3,0,2/14/2019,0,6
"Huynh, Ming",10160,0,2,0,5,5,3,0,68182,1,20,Production Technician II,MA,1742,09/22/76,F,Divorced,US Citizen,No,White,2/21/2011,04-01-2013,unhappy,Voluntarily Terminated,Production       ,Amy Dunn,11,Google Search,Fully Meets,3.72,3,0,02-01-2013,0,18
"Immediato, Walter",10289,1,1,1,5,5,2,0,83082,1,18,Production Manager,MA,2128,11/15/76,M ,Married,US Citizen,No,Asian,2/21/2011,9/24/2012,unhappy,Voluntarily Terminated,Production       ,Janet King,2,Indeed,Needs Improvement,2.34,2,0,04-12-2012,3,4
"Ivey, Rose ",10139,0,0,0,1,5,3,0,51908,0,19,Production Technician I,MA,1775,01/28/91,F,Single,US Citizen,No,White,8/19/2013,,N/A-StillEmployed,Active,Production       ,Brannon Miller,12,Indeed,Fully Meets,3.99,3,0,1/14/2019,0,14
"Jackson, Maryellen",10227,0,0,0,1,5,3,0,61242,0,19,Production Technician I,MA,2081,09-11-1972,F,Single,US Citizen,No,Black or African American,11-05-2012,,N/A-StillEmployed,Active,Production       ,David Stanley,14,LinkedIn,Fully Meets,4.1,3,0,1/17/2019,0,7
"Jacobi, Hannah  ",10236,0,2,0,1,5,3,0,45069,0,19,Production Technician I,MA,1778,03/22/66,F,Divorced,US Citizen,No,White,9/30/2013,,N/A-StillEmployed,Active,Production       ,Kissy Sullivan,20,Employee Referral,Fully Meets,4.3,5,0,2/22/2019,0,7
"Jeannite, Tayana",10009,0,2,0,1,5,4,0,60724,0,20,Production Technician II,MA,1821,11-06-1986,F,Divorced,US Citizen,No,American Indian or Alaska Native,07-05-2011,,N/A-StillEmployed,Active,Production       ,Ketsia Liebig,19,LinkedIn,Exceeds,4.6,4,0,2/25/2019,0,11
"Jhaveri, Sneha  ",10060,0,3,0,1,5,3,0,60436,0,19,Production Technician I,MA,2109,04/13/64,F,Separated,US Citizen,No,White,01-06-2014,,N/A-StillEmployed,Active,Production       ,Kelley Spirea,18,LinkedIn,Fully Meets,5,5,0,1/21/2019,0,9
"Johnson, George",10034,1,1,1,5,5,4,0,46837,1,19,Production Technician I,MA,2445,08/19/59,M ,Married,US Citizen,No,White,11-07-2011,4/29/2018,more money,Voluntarily Terminated,Production       ,Michael Albert,22,CareerBuilder,Exceeds,4.7,4,0,2/14/2018,0,9
"Johnson, Noelle ",10156,1,1,0,3,3,3,0,105700,0,8,Database Administrator,MA,2301,11-07-1986,F,Married,US Citizen,No,Asian,01-05-2015,,N/A-StillEmployed,Active,IT/IS,Simon Roup,4,Indeed,Fully Meets,3.75,3,5,02-11-2019,0,2
"Johnston, Yen",10036,0,0,0,1,5,4,0,63322,0,20,Production Technician II,MA,2128,09-08-1969,F,Single,US Citizen,No,White,07-07-2014,,N/A-StillEmployed,Active,Production       ,Brannon Miller,12,LinkedIn,Exceeds,4.3,3,0,01-11-2019,0,1
"Jung, Judy  ",10138,1,1,0,5,5,3,0,61154,1,19,Production Technician I,MA,2446,04/17/86,F,Married,US Citizen,No,Black or African American,01-10-2011,04-01-2016,unhappy,Voluntarily Terminated,Production       ,Elijiah Gray,16,CareerBuilder,Fully Meets,4,4,0,02-03-2016,0,4
"Kampew, Donysha",10244,0,0,0,5,6,3,0,68999,1,21,Sales Manager,PA,19444,11-11-1989,F,Single,US Citizen,No,White,11-07-2011,4/24/2014,maternity leave - did not return,Voluntarily Terminated,Sales,Debra Houlihan,15,Google Search,Fully Meets,4.5,5,0,3/30/2013,0,2
"Keatts, Kramer ",10192,0,0,1,1,5,3,0,50482,0,19,Production Technician I,MA,1887,01/19/76,M ,Single,US Citizen,No,White,9/30/2013,,N/A-StillEmployed,Active,Production       ,Michael Albert,22,Indeed,Fully Meets,3.07,4,0,1/23/2019,0,10
"Khemmich, Bartholemew",10231,0,0,1,1,6,3,0,65310,0,3,Area Sales Manager,CO,80820,11/27/79,M ,Single,US Citizen,No,White,8/19/2013,,N/A-StillEmployed,Active,Sales,Lynn Daneault,21,Indeed,Fully Meets,4.3,5,0,1/22/2019,0,13
"King, Janet",10089,1,1,0,1,2,3,0,250000,0,16,President & CEO,MA,1902,09/21/54,F,Married,US Citizen,Yes,White,07-02-2012,,N/A-StillEmployed,Active,Executive Office,Board of Directors,9,Indeed,Fully Meets,4.83,3,0,1/17/2019,0,10
"Kinsella, Kathleen  ",10166,1,1,0,5,5,3,0,54005,1,19,Production Technician I,MA,2170,12-08-1973,F,Married,US Citizen,No,White,9/26/2011,06-04-2015,more money,Voluntarily Terminated,Production       ,Webster Butler,39,Google Search,Fully Meets,3.6,5,0,03-01-2015,0,16
"Kirill, Alexandra  ",10170,1,1,0,5,5,3,0,45433,1,19,Production Technician I,MA,2127,10-08-1970,F,Married,US Citizen,No,White,9/26/2011,01-09-2014,more money,Voluntarily Terminated,Production       ,Amy Dunn,11,Google Search,Fully Meets,3.49,4,0,1/30/2013,0,6
"Knapp, Bradley  J",10208,0,0,1,1,5,3,0,46654,0,19,Production Technician I,MA,1721,11-10-1977,M ,Single,US Citizen,No,Black or African American,2/17/2014,,N/A-StillEmployed,Active,Production       ,Ketsia Liebig,19,LinkedIn,Fully Meets,3.1,3,0,02-06-2019,0,3
"Kretschmer, John",10176,1,1,1,1,5,3,0,63973,0,19,Production Technician I,MA,1801,02-02-1980,M ,Married,US Citizen,No,Asian,01-10-2011,,N/A-StillEmployed,Active,Production       ,Brannon Miller,12,Indeed,Fully Meets,3.38,3,0,1/21/2019,0,17
"Kreuger, Freddy",10165,0,0,1,1,6,3,1,71339,0,3,Area Sales Manager,NY,10171,02/24/69,M ,Single,US Citizen,Yes,Black or African American,03-07-2011,,N/A-StillEmployed,Active,Sales,John Smith,17,Diversity Job Fair,Fully Meets,3.65,5,0,1/17/2019,0,20
"Lajiri,  Jyoti",10113,1,1,1,3,3,3,0,93206,0,28,Sr. Network Engineer,MA,2169,04/23/86,M ,Married,US Citizen,No,White,11-10-2014,,N/A-StillEmployed,Active,IT/IS,Peter Monroe,7,Employee Referral,Fully Meets,4.46,5,6,01-07-2019,0,7
"Landa, Hans",10092,1,1,1,4,5,3,0,82758,1,18,Production Manager,MA,1890,07-01-1972,M ,Married,US Citizen,No,White,01-10-2011,12-12-2015,attendance,Terminated for Cause,Production       ,Janet King,2,Employee Referral,Fully Meets,4.78,4,0,2/15/2015,0,9
"Langford, Lindsey",10106,0,2,0,5,5,3,0,66074,1,20,Production Technician II,MA,2090,07/25/79,F,Divorced,US Citizen,No,Asian,01-07-2013,3/31/2014,Another position,Voluntarily Terminated,Production       ,David Stanley,14,Indeed,Fully Meets,4.52,3,0,2/20/2014,0,20
"Langton, Enrico",10052,1,1,1,1,5,3,0,46120,0,19,Production Technician I,MA,2048,12-09-1986,M ,Married,US Citizen,No,White,07-09-2012,,N/A-StillEmployed,Active,Production       ,David Stanley,14,LinkedIn,Fully Meets,5,5,0,02-04-2019,0,13
"LaRotonda, William  ",10038,0,2,1,1,1,3,0,64520,0,1,Accountant I,MA,1460,04/26/84,M ,Divorced,US Citizen,No,Black or African American,01-06-2014,,N/A-StillEmployed,Active,Admin Offices,Brandon R. LeBlanc,1,Website,Fully Meets,5,4,4,1/17/2019,0,3
"Latif, Mohammed",10249,1,1,1,5,5,3,0,61962,1,20,Production Technician II,MA,2126,05-09-1984,M ,Married,US Citizen,No,White,04-02-2012,4/15/2013,more money,Voluntarily Terminated,Production       ,Kissy Sullivan,20,Google Search,Fully Meets,4.9,3,0,2/20/2013,0,20
"Le, Binh",10232,0,0,0,1,3,3,0,81584,0,22,Senior BI Developer,MA,1886,06/14/87,F,Single,US Citizen,No,Asian,10-02-2016,,N/A-StillEmployed,Active,IT/IS,Brian Champaigne,13,Indeed,Fully Meets,4.1,5,7,01-08-2019,0,2
"Leach, Dallas",10087,0,0,0,5,5,3,0,63676,1,19,Production Technician I,MA,1810,01/17/79,F,Single,US Citizen,No,Asian,9/26/2011,8/19/2018,return to school,Voluntarily Terminated,Production       ,Kissy Sullivan,20,CareerBuilder,Fully Meets,4.88,3,0,07-02-2017,0,17
"LeBlanc, Brandon  R",10134,1,1,1,1,1,3,0,93046,0,23,Shared Services Manager,MA,1460,06-10-1984,M ,Married,US Citizen,No,White,01-05-2016,,N/A-StillEmployed,Active,Admin Offices,Janet King,2,CareerBuilder,Fully Meets,4.1,4,0,1/28/2019,0,20
"Lecter, Hannibal",10251,1,1,1,1,5,3,0,64738,0,19,Production Technician I,MA,1776,09-02-1982,M ,Married,US Citizen,No,Asian,5/14/2012,,N/A-StillEmployed,Active,Production       ,Elijiah Gray,16,Google Search,Fully Meets,4.1,3,0,2/22/2019,0,10
"Leruth, Giovanni",10103,0,3,1,1,6,3,0,70468,0,3,Area Sales Manager,UT,84111,12/27/88,M ,Separated,US Citizen,No,Black or African American,4/30/2012,,N/A-StillEmployed,Active,Sales,John Smith,17,Website,Fully Meets,4.53,3,0,1/29/2019,0,16
"Liebig, Ketsia",10017,1,1,0,1,5,4,0,77915,0,18,Production Manager,MA,2110,10/26/81,F,Married,US Citizen,No,White,9/30/2013,,N/A-StillEmployed,Active,Production       ,Janet King,2,Website,Exceeds,4.1,3,0,1/21/2019,0,11
"Linares, Marilyn ",10186,1,1,0,5,5,3,0,52624,1,19,Production Technician I,MA,1886,03/26/81,F,Married,US Citizen,No,White,07-05-2011,9/26/2018,unhappy,Voluntarily Terminated,Production       ,Michael Albert,22,Indeed,Fully Meets,3.18,4,0,03-02-2018,0,16
"Linden, Mathew",10137,1,1,1,3,5,3,0,63450,0,20,Production Technician II,MA,1770,03/19/79,M ,Married,US Citizen,No,White,07-08-2013,,N/A-StillEmployed,Active,Production       ,Kelley Spirea,18,LinkedIn,Fully Meets,4,3,0,2/18/2019,0,7
"Lindsay, Leonara ",10008,0,0,0,1,3,4,1,51777,0,14,IT Support,CT,6070,10-05-1988,F,Single,US Citizen,Yes,Black or African American,1/21/2011,,N/A-StillEmployed,Active,IT/IS,Eric Dougall,6,Diversity Job Fair,Exceeds,4.64,4,5,1/25/2019,0,14
"Lundy, Susan",10096,0,4,0,5,5,3,0,67237,1,20,Production Technician II,MA,2122,12/26/76,F,Widowed,US Citizen,No,White,07-08-2013,9/15/2016,more money,Voluntarily Terminated,Production       ,Michael Albert,22,LinkedIn,Fully Meets,4.65,4,0,06-10-2016,0,15
"Lunquist, Lisa",10035,0,0,0,1,5,4,0,73330,0,20,Production Technician II,MA,2324,03/28/82,F,Single,US Citizen,No,Black or African American,8/19/2013,,N/A-StillEmployed,Active,Production       ,Elijiah Gray,16,Indeed,Exceeds,4.2,4,0,02-12-2019,0,19
"Lydon, Allison",10057,1,1,0,3,5,3,0,52057,0,19,Production Technician I,MA,2122,10/22/75,F,Married,US Citizen,No,Black or African American,2/16/2015,,N/A-StillEmployed,Active,Production       ,Elijiah Gray,16,Website,Fully Meets,5,3,0,1/23/2019,0,6
"Lynch, Lindsay",10004,0,0,0,5,5,4,1,47434,1,19,Production Technician I,MA,1844,02/14/73,F,Single,US Citizen,Yes,Black or African American,11-07-2011,11/14/2015,Another position,Voluntarily Terminated,Production       ,Webster Butler,39,Diversity Job Fair,Exceeds,5,4,0,02-02-2015,0,17
"MacLennan, Samuel",10191,0,4,1,5,5,3,0,52788,1,19,Production Technician I,MA,1938,11-09-1972,M ,Widowed,US Citizen,No,White,9/24/2012,9/26/2017,hours,Voluntarily Terminated,Production       ,Amy Dunn,11,Indeed,Fully Meets,3.08,4,0,04-01-2017,0,18
"Mahoney, Lauren  ",10219,0,0,0,1,5,3,0,45395,0,19,Production Technician I,MA,2189,07-07-1986,F,Single,US Citizen,No,White,01-06-2014,,N/A-StillEmployed,Active,Production       ,Ketsia Liebig,19,LinkedIn,Fully Meets,4.6,4,0,2/26/2019,0,14
"Manchester, Robyn",10077,1,1,0,2,5,3,0,62385,0,20,Production Technician II,MA,2324,08/25/76,F,Married,US Citizen,No,White,05-11-2016,,N/A-StillEmployed,Active,Production       ,Webster Butler,,LinkedIn,Fully Meets,5,3,0,1/21/2019,0,4
"Mancuso, Karen",10073,1,1,0,5,5,3,0,68407,1,20,Production Technician II,MA,2176,12-10-1986,F,Married,US Citizen,No,Two or more races,07-05-2011,8/19/2012,Another position,Voluntarily Terminated,Production       ,Amy Dunn,11,LinkedIn,Fully Meets,5,4,0,07-02-2012,0,16
"Mangal, Debbie",10279,1,1,0,1,5,3,0,61349,0,19,Production Technician I,MA,2451,11-07-1974,F,Married,US Citizen,No,White,11-11-2013,,N/A-StillEmployed,Active,Production       ,Brannon Miller,12,LinkedIn,Fully Meets,4.1,3,0,1/22/2019,0,11
"Martin, Sandra",10110,0,0,0,1,4,3,0,105688,0,24,Software Engineer,MA,2135,11-07-1987,F,Single,US Citizen,No,Asian,11-11-2013,,N/A-StillEmployed,Active,Software Engineering,Alex Sweetwater,10,Google Search,Fully Meets,4.5,5,4,1/14/2019,0,14
"Maurice, Shana",10053,1,1,0,1,5,3,0,54132,0,19,Production Technician I,MA,2330,11/22/77,F,Married,US Citizen,No,White,5/31/2011,,N/A-StillEmployed,Active,Production       ,David Stanley,14,Indeed,Fully Meets,5,4,0,01-10-2019,0,8
"Carthy, B'rigit",10076,0,0,0,1,5,3,0,55315,0,20,Production Technician II,MA,2149,05/21/87,F,Single,US Citizen,No,Black or African American,3/30/2015,,N/A-StillEmployed,Active,Production       ,Ketsia Liebig,19,LinkedIn,Fully Meets,5,5,0,02-07-2019,0,16
"Mckenna, Sandy",10145,1,1,0,1,5,3,0,62810,0,19,Production Technician I,MA,2184,01-07-1987,F,Married,US Citizen,No,Black or African American,01-07-2013,,N/A-StillEmployed,Active,Production       ,Kissy Sullivan,20,CareerBuilder,Fully Meets,3.93,3,0,1/30/2019,0,20
"McKinzie, Jac",10202,1,1,1,2,6,3,0,63291,0,3,Area Sales Manager,TX,78789,07-01-1984,M ,Married,US Citizen,No,Two or more races,07-06-2016,,N/A-StillEmployed,Active,Sales,Lynn Daneault,21,Website,Fully Meets,3.4,4,0,1/29/2019,0,7
"Meads, Elizabeth",10128,0,0,0,5,5,3,1,62659,1,19,Production Technician I,MA,1760,05/30/68,F,Single,US Citizen,No,Black or African American,04-02-2012,11-11-2016,Another position,Voluntarily Terminated,Production       ,Kelley Spirea,18,Diversity Job Fair,Fully Meets,4.18,4,0,02-05-2016,0,17
"Medeiros, Jennifer",10068,0,0,0,1,5,3,0,55688,0,19,Production Technician I,MA,2346,09/22/76,F,Single,US Citizen,No,White,3/30/2015,,N/A-StillEmployed,Active,Production       ,Michael Albert,22,CareerBuilder,Fully Meets,5,4,0,1/21/2019,0,10
"Miller, Brannon",10116,0,0,1,1,5,3,0,83667,0,18,Production Manager,MA,2045,08-10-1981,M ,Single,US Citizen,yes,Hispanic,8/16/2012,,N/A-StillEmployed,Active,Production       ,Janet King,2,Indeed,Fully Meets,4.37,3,0,1/14/2019,0,2
"Miller, Ned",10298,0,0,1,5,5,1,0,55800,1,20,Production Technician II,MA,2472,06/29/85,M ,Single,US Citizen,No,White,8/15/2011,09-04-2014,unhappy,Voluntarily Terminated,Production       ,Brannon Miller,12,LinkedIn,PIP,3,2,0,1/14/2013,6,6
"Monkfish, Erasumus",10213,1,1,1,1,5,3,0,58207,0,20,Production Technician II,MA,1450,08/17/92,M ,Married,US Citizen,No,White,11-07-2011,,N/A-StillEmployed,Active,Production       ,David Stanley,14,LinkedIn,Fully Meets,3.7,3,0,01-08-2019,0,14
"Monroe, Peter",10288,1,1,1,1,3,2,1,157000,0,13,IT Manager - Infra,MA,2134,10-05-1986,M ,Married,Eligible NonCitizen,Yes,Black or African American,2/15/2012,,N/A-StillEmployed,Active,IT/IS,Jennifer Zamora,5,Diversity Job Fair,Needs Improvement,2.39,3,6,2/22/2019,4,13
"Monterro, Luisa",10025,0,0,0,1,5,4,0,72460,0,20,Production Technician II,MA,2126,04/24/70,F,Single,US Citizen,No,Black or African American,5/13/2013,,N/A-StillEmployed,Active,Production       ,Kissy Sullivan,20,Indeed,Exceeds,4.7,3,0,1/14/2019,0,1
"Moran, Patrick",10223,0,0,1,3,5,3,1,72106,0,20,Production Technician II,MA,2127,12-03-1976,M ,Single,US Citizen,No,Black or African American,01-09-2012,,N/A-StillEmployed,Active,Production       ,Kelley Spirea,18,Diversity Job Fair,Fully Meets,4.1,4,0,1/31/2019,0,12
"Morway, Tanya",10151,1,1,0,1,3,3,0,52599,0,15,Network Engineer,MA,2048,04-04-1979,F,Married,US Citizen,No,White,2/16/2015,,N/A-StillEmployed,Active,IT/IS,Peter Monroe,7,CareerBuilder,Fully Meets,3.81,3,6,02-11-2019,0,6
"Motlagh,  Dawn",10254,0,2,0,1,5,3,0,63430,0,19,Production Technician I,MA,2453,07-07-1984,F,Divorced,US Citizen,No,White,04-01-2013,,N/A-StillEmployed,Active,Production       ,Elijiah Gray,16,LinkedIn,Fully Meets,4.4,4,0,1/17/2019,0,18
"Moumanil, Maliki ",10120,0,3,1,1,5,3,0,74417,0,20,Production Technician II,MA,1460,12-01-1974,M ,Separated,US Citizen,No,Black or African American,5/13/2013,,N/A-StillEmployed,Active,Production       ,Michael Albert,22,LinkedIn,Fully Meets,4.29,5,0,1/28/2019,0,11
"Myers, Michael",10216,0,0,1,1,5,3,0,57575,0,19,Production Technician I,MA,1550,04/18/80,M ,Single,US Citizen,No,Asian,07-08-2013,,N/A-StillEmployed,Active,Production       ,Kissy Sullivan,20,LinkedIn,Fully Meets,4.1,4,0,1/22/2019,0,13
"Navathe, Kurt",10079,0,0,1,1,3,3,0,87921,0,22,Senior BI Developer,MA,2056,04/25/70,M ,Single,US Citizen,No,Asian,02-10-2017,,N/A-StillEmployed,Active,IT/IS,Brian Champaigne,13,Indeed,Fully Meets,5,3,6,2/25/2019,0,17
"Ndzi, Colombui",10215,0,0,1,5,5,3,1,50470,1,19,Production Technician I,MA,2110,05-02-1989,M ,Single,US Citizen,No,Black or African American,9/26/2011,04-04-2014,return to school,Voluntarily Terminated,Production       ,Webster Butler,39,Diversity Job Fair,Fully Meets,4.3,3,0,03-02-2013,0,19
"Ndzi, Horia",10185,1,1,1,5,5,3,0,46664,1,19,Production Technician I,MA,2421,03/28/83,M ,Married,US Citizen,No,White,04-01-2013,5/25/2016,more money,Voluntarily Terminated,Production       ,Amy Dunn,11,Employee Referral,Fully Meets,3.18,3,0,03-06-2016,0,10
"Newman, Richard ",10063,1,1,1,3,5,3,0,48495,0,19,Production Technician I,MA,2136,04-08-1977,M ,Married,US Citizen,No,White,05-12-2014,,N/A-StillEmployed,Active,Production       ,Ketsia Liebig,19,LinkedIn,Fully Meets,5,5,0,2/18/2019,0,11
"Ngodup, Shari ",10037,0,3,0,1,5,4,1,52984,0,19,Production Technician I,MA,1810,06-03-1967,F,Separated,US Citizen,No,Black or African American,04-01-2013,,N/A-StillEmployed,Active,Production       ,Brannon Miller,12,Diversity Job Fair,Exceeds,4,3,0,2/13/2019,0,12
"Nguyen, Dheepa",10042,0,0,0,1,6,3,0,63695,0,3,Area Sales Manager,GA,30428,03/31/89,F,Single,US Citizen,No,Two or more races,07-08-2013,,N/A-StillEmployed,Active,Sales,Lynn Daneault,21,Indeed,Fully Meets,5,5,0,1/25/2019,0,2
"Nguyen, Lei-Ming",10206,0,0,0,1,5,3,0,62061,0,19,Production Technician I,MA,2132,07-07-1984,F,Single,US Citizen,No,White,07-08-2013,,N/A-StillEmployed,Active,Production       ,David Stanley,14,LinkedIn,Fully Meets,3.6,5,0,01-02-2019,0,4
"Nowlan, Kristie",10104,0,0,0,1,5,3,0,66738,0,20,Production Technician II,MA,1040,11/23/85,F,Single,US Citizen,No,White,11-10-2014,,N/A-StillEmployed,Active,Production       ,Elijiah Gray,16,Indeed,Fully Meets,4.53,5,0,1/16/2019,0,5
"O'hare, Lynn",10303,0,0,0,4,5,1,0,52674,1,19,Production Technician I,MA,2152,09/30/80,F,Single,US Citizen,No,Two or more races,3/31/2014,05-01-2018,performance,Terminated for Cause,Production       ,Kissy Sullivan,20,LinkedIn,PIP,2.33,2,0,03-09-2018,6,3
"Oliver, Brooke ",10078,1,1,0,5,5,3,0,71966,1,20,Production Technician II,MA,2492,02-11-1952,F,Married,US Citizen,No,Asian,5/14/2012,8/19/2013,unhappy,Voluntarily Terminated,Production       ,Webster Butler,39,LinkedIn,Fully Meets,5,3,0,07-02-2013,0,17
"Onque, Jasmine",10121,0,0,0,1,6,3,0,63051,0,3,Area Sales Manager,FL,33174,05-11-1990,F,Single,US Citizen,Yes,White,9/30/2013,,N/A-StillEmployed,Active,Sales,Lynn Daneault,21,Indeed,Fully Meets,4.28,3,0,1/25/2019,0,1
"Osturnka, Adeel",10021,1,1,1,1,5,4,0,47414,0,19,Production Technician I,MA,2478,12-11-1976,M ,Married,US Citizen,No,White,9/30/2013,,N/A-StillEmployed,Active,Production       ,Kelley Spirea,18,LinkedIn,Exceeds,5,3,0,02-07-2019,0,13
"Owad, Clinton",10281,0,0,1,1,5,2,0,53060,0,19,Production Technician I,MA,1760,11/24/79,M ,Single,US Citizen,No,Black or African American,2/17/2014,,N/A-StillEmployed,Active,Production       ,Michael Albert,22,LinkedIn,Needs Improvement,4.25,3,0,02-04-2019,4,6
"Ozark, Travis",10041,0,0,1,1,6,3,0,68829,0,3,Area Sales Manager,NC,27229,05/19/82,M ,Single,US Citizen,No,White,01-05-2015,,N/A-StillEmployed,Active,Sales,John Smith,17,Website,Fully Meets,5,5,0,1/14/2019,0,18
"Panjwani, Nina",10148,1,1,0,5,5,3,0,63515,1,19,Production Technician I,MA,2351,05-01-1979,F,Married,US Citizen,No,White,02-07-2011,01-12-2014,Another position,Voluntarily Terminated,Production       ,Elijiah Gray,16,Google Search,Fully Meets,3.89,4,0,03-04-2013,0,7
"Patronick, Lucas",10005,0,0,1,5,4,4,1,108987,1,24,Software Engineer,MA,1844,02/20/79,M ,Single,US Citizen,No,Black or African American,11-07-2011,09-07-2015,Another position,Voluntarily Terminated,Software Engineering,Alex Sweetwater,10,Diversity Job Fair,Exceeds,5,5,3,8/16/2015,0,13
"Pearson, Randall",10259,1,1,1,5,3,3,0,93093,1,9,Data Analyst,MA,2747,09-05-1984,M ,Married,US Citizen,No,White,12-01-2014,05-01-2016,performance,Voluntarily Terminated,IT/IS,Simon Roup,4,Employee Referral,Fully Meets,4.7,4,5,1/16/2016,0,19
"Smith, Martin",10286,0,0,1,5,5,2,0,53564,1,19,Production Technician I,MA,2458,03/17/88,M ,Single,US Citizen,No,Black or African American,01-10-2011,12/28/2017,career change,Voluntarily Terminated,Production       ,Webster Butler,39,Google Search,Needs Improvement,3.54,5,0,04-06-2017,4,15
"Pelletier, Ermine",10297,1,1,0,5,5,2,0,60270,1,20,Production Technician II,MA,2472,07/18/89,F,Married,US Citizen,No,Asian,07-05-2011,9/15/2015,unhappy,Voluntarily Terminated,Production       ,Amy Dunn,11,CareerBuilder,Needs Improvement,2.4,5,0,02-06-2015,5,2
"Perry, Shakira",10171,0,0,0,5,5,3,0,45998,1,19,Production Technician I,MA,2176,07/20/86,F,Single,US Citizen,No,White,5/16/2011,10/25/2015,medical issues,Voluntarily Terminated,Production       ,Amy Dunn,11,LinkedIn,Fully Meets,3.45,4,0,5/13/2014,0,5
"Peters, Lauren",10032,1,1,0,5,5,4,0,57954,1,20,Production Technician II,MA,1886,08/17/86,F,Married,US Citizen,No,White,5/16/2011,02-04-2013,more money,Voluntarily Terminated,Production       ,Ketsia Liebig,19,Indeed,Exceeds,4.2,5,0,01-10-2013,0,12
"Peterson, Ebonee  ",10130,1,1,0,5,5,3,0,74669,1,18,Production Manager,MA,2030,05-09-1977,F,Married,US Citizen,No,White,10/25/2010,5/18/2016,Another position,Voluntarily Terminated,Production       ,Janet King,2,Indeed,Fully Meets,4.16,5,0,03-05-2015,0,6
"Petingill, Shana  ",10217,1,1,0,1,5,3,0,74226,0,20,Production Technician II,MA,2050,03-10-1979,F,Married,Eligible NonCitizen,No,Asian,04-02-2012,,N/A-StillEmployed,Active,Production       ,Brannon Miller,12,LinkedIn,Fully Meets,4.3,3,0,1/14/2019,0,14
"Petrowsky, Thelma",10016,1,1,0,1,3,4,0,93554,0,9,Data Analyst,MA,1886,09/16/84,F,Married,US Citizen,No,Black or African American,11-10-2014,,N/A-StillEmployed,Active,IT/IS,Simon Roup,4,Employee Referral,Exceeds,4.6,5,7,01-04-2019,0,16
"Pham, Hong",10050,1,1,1,5,5,3,0,64724,1,19,Production Technician I,MA,2451,03-06-1988,M ,Married,US Citizen,No,Asian,07-05-2011,11/30/2012,more money,Voluntarily Terminated,Production       ,Brannon Miller,12,Google Search,Fully Meets,5,3,0,2/20/2012,0,13
"Pitt, Brad ",10164,0,0,1,1,5,3,0,47001,0,19,Production Technician I,MA,2451,11/23/81,M ,Single,US Citizen,No,White,11-05-2007,,N/A-StillEmployed,Active,Production       ,David Stanley,14,Google Search,Fully Meets,3.66,3,0,2/25/2019,0,15
"Potts, Xana",10124,1,1,0,1,6,3,0,61844,0,3,Area Sales Manager,KY,40220,08/29/88,F,Married,US Citizen,No,Black or African American,01-09-2012,,N/A-StillEmployed,Active,Sales,Lynn Daneault,21,Website,Fully Meets,4.2,5,0,02-01-2019,0,9
"Power, Morissa",10187,0,2,0,5,5,3,0,46799,1,19,Production Technician I,MA,1742,10/15/84,F,Divorced,Eligible NonCitizen,No,Asian,5/16/2011,06-04-2018,Another position,Voluntarily Terminated,Production       ,Kissy Sullivan,20,Google Search,Fully Meets,3.17,4,0,04-02-2018,0,14
"Punjabhi, Louis  ",10225,0,0,1,1,5,3,0,59472,0,19,Production Technician I,MA,2109,06/19/61,M ,Single,US Citizen,No,White,01-06-2014,,N/A-StillEmployed,Active,Production       ,Kelley Spirea,18,Employee Referral,Fully Meets,4.8,3,0,01-07-2019,0,14
"Purinton, Janine",10262,0,2,0,5,5,3,0,46430,1,19,Production Technician I,MA,2474,09/22/70,F,Divorced,US Citizen,No,White,9/24/2012,6/18/2013,unhappy,Voluntarily Terminated,Production       ,Kissy Sullivan,20,Indeed,Fully Meets,4.5,5,0,04-02-2013,0,16
"Quinn, Sean",10131,1,1,1,5,1,3,1,83363,1,23,Software Engineer,MA,2045,11-06-1984,M ,Married,Eligible NonCitizen,No,Black or African American,2/21/2011,8/15/2015,career change,Voluntarily Terminated,Software Engineering,Janet King,2,Diversity Job Fair,Fully Meets,4.15,4,0,4/19/2014,0,4
"Rachael, Maggie",10239,1,1,0,1,3,3,0,95920,0,4,BI Developer,MA,2110,05-12-1980,F,Married,US Citizen,No,Black or African American,10-02-2016,,N/A-StillEmployed,Active,IT/IS,Brian Champaigne,13,Indeed,Fully Meets,4.4,4,6,02-06-2019,0,10
"Rarrick, Quinn",10152,0,2,1,5,5,3,0,61729,1,19,Production Technician I,MA,2478,12/31/84,M ,Divorced,US Citizen,No,White,9/26/2011,04-07-2018,more money,Voluntarily Terminated,Production       ,Michael Albert,22,Indeed,Fully Meets,3.8,5,0,02-04-2018,0,19
"Ren, Kylo",10140,1,1,1,1,6,3,0,61809,0,3,Area Sales Manager,ID,83706,10-12-1954,M ,Married,US Citizen,No,White,05-12-2014,,N/A-StillEmployed,Active,Sales,John Smith,17,CareerBuilder,Fully Meets,3.98,3,0,1/28/2019,0,4
"Rhoads, Thomas",10058,0,2,1,5,5,3,0,45115,1,19,Production Technician I,MA,2176,07/22/82,M ,Divorced,US Citizen,Yes,White,5/16/2011,1/15/2016,retiring,Voluntarily Terminated,Production       ,Elijiah Gray,16,LinkedIn,Fully Meets,5,4,0,3/30/2015,0,11
"Rivera, Haley  ",10011,1,1,0,1,5,4,0,46738,0,19,Production Technician I,MA,2171,01-12-1973,F,Married,US Citizen,No,Asian,11/28/2011,,N/A-StillEmployed,Active,Production       ,Webster Butler,,Google Search,Exceeds,4.36,5,0,02-11-2019,0,16
"Roberson, May",10230,0,2,0,5,5,3,0,64971,1,20,Production Technician II,MA,1902,09-05-1981,F,Divorced,Eligible NonCitizen,No,Black or African American,9/26/2011,10/22/2011,return to school,Voluntarily Terminated,Production       ,David Stanley,14,Google Search,Fully Meets,4.5,4,0,10/22/2011,0,10
"Robertson, Peter",10224,1,1,1,5,5,3,0,55578,1,20,Production Technician II,MA,2138,07-03-1972,M ,Married,US Citizen,No,White,07-05-2011,02-08-2012,Another position,Voluntarily Terminated,Production       ,Kissy Sullivan,20,Indeed,Fully Meets,4.2,5,0,01-06-2012,0,13
"Robinson, Alain  ",10047,1,1,1,5,5,3,0,50428,1,19,Production Technician I,MA,1420,01-07-1974,M ,Married,US Citizen,No,Black or African American,01-10-2011,1/26/2016,attendance,Voluntarily Terminated,Production       ,Amy Dunn,11,Indeed,Fully Meets,5,3,0,01-10-2015,0,11
"Robinson, Cherly",10285,1,1,0,4,5,2,0,61422,1,19,Production Technician I,MA,1460,01-07-1985,F,Married,US Citizen,No,White,01-10-2011,5/17/2016,attendance,Terminated for Cause,Production       ,Ketsia Liebig,19,Indeed,Needs Improvement,3.6,3,0,04-05-2016,4,16
"Robinson, Elias",10020,0,4,1,1,5,4,0,63353,0,19,Production Technician I,MA,1730,01/28/85,M ,Widowed,US Citizen,No,White,07-08-2013,,N/A-StillEmployed,Active,Production       ,Brannon Miller,12,Employee Referral,Exceeds,3.6,5,0,02-11-2019,0,4
"Roby, Lori ",10162,1,1,0,1,3,3,0,89883,0,9,Data Analyst,MA,1886,10-11-1981,F,Married,US Citizen,No,White,2/16/2015,,N/A-StillEmployed,Active,IT/IS,Simon Roup,4,Employee Referral,Fully Meets,3.69,5,6,2/14/2019,0,15
"Roehrich, Bianca",10149,0,0,0,5,3,3,0,120000,1,29,Principal Data Architect,MA,2703,05/27/73,F,Single,US Citizen,Yes,White,01-05-2015,11-10-2018,Another position,Voluntarily Terminated,IT/IS,Simon Roup,4,LinkedIn,Fully Meets,3.88,3,7,2/13/2018,0,12
"Roper, Katie",10086,0,0,0,1,3,3,0,150290,0,7,Data Architect,MA,2056,11/21/72,F,Single,US Citizen,No,Black or African American,01-07-2017,,N/A-StillEmployed,Active,IT/IS,Brian Champaigne,13,Indeed,Fully Meets,4.94,3,5,02-06-2019,0,17
"Rose, Ashley  ",10054,0,3,0,1,5,3,0,60627,0,19,Production Technician I,MA,1886,12-05-1974,F,Separated,US Citizen,No,White,01-06-2014,,N/A-StillEmployed,Active,Production       ,David Stanley,14,Website,Fully Meets,5,4,0,1/31/2019,0,8
"Rossetti, Bruno",10065,0,0,1,5,5,3,0,53180,1,19,Production Technician I,MA,2155,03/18/87,M ,Single,US Citizen,No,White,04-04-2011,8/13/2018,Another position,Voluntarily Terminated,Production       ,Kissy Sullivan,20,Google Search,Fully Meets,5,5,0,07-02-2018,0,4
"Roup,Simon",10198,0,0,1,1,3,3,0,140920,0,13,IT Manager - DB,MA,2481,04-05-1973,M ,Single,US Citizen,No,White,1/20/2013,,N/A-StillEmployed,Active,IT/IS,Jennifer Zamora,5,Indeed,Fully Meets,3.6,5,7,2/18/2019,0,13
"Ruiz, Ricardo",10222,0,2,1,5,3,3,1,148999,1,13,IT Manager - DB,MA,1915,01-04-1964,M ,Divorced,US Citizen,No,Black or African American,01-09-2012,11-04-2015,hours,Voluntarily Terminated,IT/IS,Jennifer Zamora,5,Diversity Job Fair,Fully Meets,4.3,4,6,01-04-2015,0,8
"Saada, Adell",10126,1,1,0,1,4,3,0,86214,0,24,Software Engineer,MA,2132,07/24/86,F,Married,US Citizen,No,White,11-05-2012,,N/A-StillEmployed,Active,Software Engineering,Alex Sweetwater,10,Indeed,Fully Meets,4.2,3,6,2/13/2019,0,2
"Saar-Beckles, Melinda",10295,0,0,0,2,5,2,1,47750,0,19,Production Technician I,MA,1801,06-06-1968,F,Single,US Citizen,No,Black or African American,07-04-2016,,N/A-StillEmployed,Active,Production       ,Kelley Spirea,18,Diversity Job Fair,Needs Improvement,2.6,4,0,2/18/2019,5,4
"Sadki, Nore  ",10260,0,0,1,5,5,3,0,46428,1,19,Production Technician I,MA,2148,12/21/74,M ,Single,US Citizen,No,White,01-05-2009,7/30/2018,relocation out of area,Voluntarily Terminated,Production       ,Michael Albert,22,Google Search,Fully Meets,4.6,5,0,02-05-2018,0,7
"Sahoo, Adil",10233,1,1,1,1,5,3,0,57975,0,20,Production Technician II,MA,2062,04/26/86,M ,Married,US Citizen,No,White,8/30/2010,,N/A-StillEmployed,Active,Production       ,Kelley Spirea,18,CareerBuilder,Fully Meets,4.1,3,0,01-10-2019,0,13
"Salter, Jason",10229,0,2,1,5,3,3,0,88527,1,9,Data Analyst ,MA,2452,12/17/87,M ,Divorced,US Citizen,No,Black or African American,01-05-2015,10/31/2015,hours,Voluntarily Terminated,IT/IS,Simon Roup,4,LinkedIn,Fully Meets,4.2,3,5,4/20/2015,0,2
"Sander, Kamrin",10169,1,1,0,1,5,3,0,56147,0,19,Production Technician I,MA,2154,07-10-1988,F,Married,US Citizen,No,Black or African American,9/29/2014,,N/A-StillEmployed,Active,Production       ,Elijiah Gray,16,LinkedIn,Fully Meets,3.51,3,0,2/18/2019,0,2
"Sewkumar, Nori",10071,0,0,0,3,5,3,0,50923,0,19,Production Technician I,MA,2191,03-10-1975,F,Single,US Citizen,No,Asian,9/30/2013,,N/A-StillEmployed,Active,Production       ,Webster Butler,,Google Search,Fully Meets,5,5,0,02-06-2019,0,14
"Shepard, Anita ",10179,1,1,0,1,3,3,0,50750,0,15,Network Engineer,MA,1773,04/14/81,F,Married,US Citizen,No,White,9/30/2014,,N/A-StillEmployed,Active,IT/IS,Peter Monroe,7,LinkedIn,Fully Meets,3.31,3,6,01-07-2019,0,7
"Shields, Seffi",10091,1,1,0,1,5,3,0,52087,0,19,Production Technician I,MA,2149,08/24/85,F,Married,US Citizen,No,White,8/19/2013,,N/A-StillEmployed,Active,Production       ,Amy Dunn,11,LinkedIn,Fully Meets,4.81,4,0,2/15/2019,0,15
"Simard, Kramer",10178,1,1,1,1,3,3,0,87826,0,9,Data Analyst,MA,2110,02-08-1970,M ,Married,US Citizen,Yes,White,01-05-2015,,N/A-StillEmployed,Active,IT/IS,Simon Roup,4,Employee Referral,Fully Meets,3.32,3,7,1/14/2019,0,16
"Singh, Nan ",10039,0,0,0,1,1,3,0,51920,0,2,Administrative Assistant,MA,2330,05/19/88,F,Single,US Citizen,No,White,05-01-2015,,N/A-StillEmployed,Active,Admin Offices,Brandon R. LeBlanc,1,Website,Fully Meets,5,3,5,1/15/2019,0,2
"Sloan, Constance",10095,0,0,0,5,5,3,0,63878,1,20,Production Technician II,MA,1851,11/25/87,F,Single,US Citizen,No,White,10/26/2009,04-08-2015,maternity leave - did not return,Voluntarily Terminated,Production       ,Michael Albert,22,CareerBuilder,Fully Meets,4.68,4,0,04-02-2015,0,20
"Smith, Joe",10027,0,0,1,1,5,4,0,60656,0,20,Production Technician II,MA,2045,10/30/63,M ,Single,US Citizen,No,White,9/29/2014,,N/A-StillEmployed,Active,Production       ,Elijiah Gray,16,Indeed,Exceeds,4.3,3,0,1/28/2019,0,4
"Smith, John",10291,0,2,1,1,6,2,1,72992,0,21,Sales Manager,MA,1886,08/16/84,M ,Divorced,US Citizen,No,Black or African American,5/18/2014,,N/A-StillEmployed,Active,Sales,Debra Houlihan,15,Diversity Job Fair,Needs Improvement,2.4,4,0,1/16/2019,2,16
"Smith, Leigh Ann",10153,1,1,0,5,1,3,1,55000,1,2,Administrative Assistant,MA,1844,06/14/87,F,Married,US Citizen,No,Black or African American,9/26/2011,9/25/2013,career change,Voluntarily Terminated,Admin Offices,Brandon R. LeBlanc,1,Diversity Job Fair,Fully Meets,3.8,4,4,8/15/2013,0,17
"Smith, Sade",10157,0,0,0,1,5,3,0,58939,0,19,Production Technician I,MA,2130,02-02-1965,F,Single,US Citizen,No,White,11-11-2013,,N/A-StillEmployed,Active,Production       ,Ketsia Liebig,19,Employee Referral,Fully Meets,3.73,3,0,1/24/2019,0,16
"Soto, Julia ",10119,1,1,0,1,3,3,0,66593,0,14,IT Support,MA,2360,03-12-1973,F,Married,US Citizen,No,Black or African American,06-10-2011,,N/A-StillEmployed,Active,IT/IS,Eric Dougall,6,LinkedIn,Fully Meets,4.3,3,5,02-08-2019,0,19
"Soze, Keyser",10180,1,1,1,2,3,3,0,87565,0,28,Sr. Network Engineer,MA,1545,02-09-1983,M ,Married,US Citizen,No,Asian,6/30/2016,,N/A-StillEmployed,Active,IT/IS,Peter Monroe,7,LinkedIn,Fully Meets,3.27,4,5,1/14/2019,0,13
"Sparks, Taylor  ",10302,1,1,0,1,5,1,0,64021,0,19,Production Technician I,MA,2093,07/20/68,F,Married,US Citizen,No,White,2/20/2012,,N/A-StillEmployed,Active,Production       ,Brannon Miller,12,Indeed,PIP,2.4,2,1,2/25/2019,6,20
"Spirea, Kelley",10090,1,1,0,1,5,3,0,65714,0,18,Production Manager,MA,2451,09/30/75,F,Married,US Citizen,No,White,10-02-2012,,N/A-StillEmployed,Active,Production       ,Janet King,2,LinkedIn,Fully Meets,4.83,5,0,2/14/2019,0,15
"Squatrito, Kristen",10030,0,2,0,5,5,4,0,62425,1,19,Production Technician I,MA,2359,03/26/73,F,Divorced,US Citizen,No,White,5/13/2013,6/29/2015,unhappy,Voluntarily Terminated,Production       ,David Stanley,14,LinkedIn,Exceeds,4.1,4,0,03-02-2015,0,16
"Stanford,Barbara  M",10278,0,2,0,1,5,3,0,47961,0,19,Production Technician I,MA,2050,08/25/82,F,Divorced,US Citizen,No,Two or more races,01-10-2011,,N/A-StillEmployed,Active,Production       ,Kissy Sullivan,20,Google Search,Fully Meets,4.1,4,0,02-07-2019,0,9
"Stansfield, Norman",10307,1,1,1,1,6,1,0,58273,0,3,Area Sales Manager,NV,89139,05-09-1974,M ,Married,US Citizen,No,White,05-12-2014,,N/A-StillEmployed,Active,Sales,Lynn Daneault,21,Website,PIP,1.81,2,0,1/17/2019,3,5
"Steans, Tyrone  ",10147,0,0,1,1,1,3,0,63003,0,1,Accountant I,MA,2703,09-01-1986,M ,Single,US Citizen,No,White,9/29/2014,,N/A-StillEmployed,Active,Admin Offices,Brandon R. LeBlanc,1,Indeed,Fully Meets,3.9,5,5,1/18/2019,0,9
"Stoica, Rick",10266,1,1,1,1,5,3,0,61355,0,19,Production Technician I,MA,2301,03/14/85,M ,Married,US Citizen,No,Asian,2/17/2014,,N/A-StillEmployed,Active,Production       ,Kelley Spirea,18,LinkedIn,Fully Meets,4.7,3,0,01-11-2019,0,4
"Strong, Caitrin",10241,1,1,0,1,6,3,0,60120,0,3,Area Sales Manager,MT,59102,05-12-1989,F,Married,US Citizen,No,Black or African American,9/27/2010,,N/A-StillEmployed,Active,Sales,John Smith,17,Indeed,Fully Meets,4.1,4,0,1/31/2019,0,18
"Sullivan, Kissy ",10158,1,1,0,1,5,3,0,63682,0,18,Production Manager,MA,1776,03/28/78,F,Married,US Citizen,No,Black or African American,01-08-2009,,N/A-StillEmployed,Active,Production       ,Janet King,2,Indeed,Fully Meets,3.73,4,0,1/24/2019,0,12
"Sullivan, Timothy",10117,1,1,1,1,5,3,0,63025,0,19,Production Technician I,MA,2747,10-07-1982,M ,Married,US Citizen,Yes,White,01-05-2015,,N/A-StillEmployed,Active,Production       ,Michael Albert,22,Google Search,Fully Meets,4.36,5,0,1/24/2019,0,10
"Sutwell, Barbara",10209,0,0,0,1,5,3,0,59238,0,19,Production Technician I,MA,2718,08/15/68,F,Single,Eligible NonCitizen,No,Asian,5/14/2012,,N/A-StillEmployed,Active,Production       ,Elijiah Gray,16,Indeed,Fully Meets,3.4,5,0,1/31/2019,0,13
"Szabo, Andrew",10024,0,0,1,1,4,4,0,92989,0,24,Software Engineer,MA,2140,05-06-1983,M ,Single,US Citizen,No,White,07-07-2014,,N/A-StillEmployed,Active,Software Engineering,Alex Sweetwater,10,LinkedIn,Exceeds,4.5,5,5,2/18/2019,0,1
"Tannen, Biff",10173,1,1,1,1,3,3,0,90100,0,4,BI Developer,MA,2134,10/24/87,M ,Married,US Citizen,No,White,4/20/2017,,N/A-StillEmployed,Active,IT/IS,Brian Champaigne,13,Indeed,Fully Meets,3.4,3,6,01-02-2019,0,14
"Tavares, Desiree  ",10221,1,1,0,5,5,3,1,60754,1,19,Production Technician I,MA,1801,04-03-1975,F,Married,Non-Citizen,No,Black or African American,4/27/2009,04-01-2013,Another position,Voluntarily Terminated,Production       ,Webster Butler,39,Diversity Job Fair,Fully Meets,4.5,5,0,2/15/2012,0,11
"Tejeda, Lenora ",10146,1,1,0,5,5,3,0,72202,1,20,Production Technician II,MA,2129,05/24/53,F,Married,US Citizen,No,White,5/16/2011,07-08-2017,Another position,Voluntarily Terminated,Production       ,Elijiah Gray,16,Google Search,Fully Meets,3.93,3,0,4/18/2017,0,3
"Terry, Sharlene ",10161,0,0,0,1,6,3,0,58370,0,3,Area Sales Manager,OR,97756,05-07-1965,F,Single,US Citizen,No,Black or African American,9/29/2014,,N/A-StillEmployed,Active,Sales,Lynn Daneault,21,Indeed,Fully Meets,3.69,3,0,1/28/2019,0,18
"Theamstern, Sophia",10141,0,0,0,5,5,3,0,48413,1,19,Production Technician I,MA,2066,05-09-1965,F,Single,US Citizen,No,White,07-05-2011,09-05-2016,return to school,Voluntarily Terminated,Production       ,Amy Dunn,11,Indeed,Fully Meets,3.98,4,0,03-02-2016,0,1
"Thibaud, Kenneth",10268,0,4,1,5,5,3,0,67176,1,20,Production Technician II,MA,2472,09/16/75,M ,Widowed,US Citizen,No,White,6/25/2007,8/30/2010,military,Voluntarily Terminated,Production       ,Webster Butler,39,Other,Fully Meets,4.1,4,0,7/14/2010,0,15
"Tippett, Jeanette",10123,0,2,0,1,5,3,0,56339,0,19,Production Technician I,MA,2093,06-05-1967,F,Divorced,US Citizen,No,Black or African American,2/18/2013,,N/A-StillEmployed,Active,Production       ,Brannon Miller,12,Indeed,Fully Meets,4.21,5,0,1/14/2019,0,4
"Torrence, Jack",10013,0,3,1,1,6,4,0,64397,0,3,Area Sales Manager,ND,58782,01/15/68,M ,Separated,US Citizen,No,White,01-09-2006,,N/A-StillEmployed,Active,Sales,Lynn Daneault,21,Indeed,Exceeds,4.1,3,0,01-04-2019,0,6
"Trang, Mei",10287,0,0,0,1,5,2,0,63025,0,19,Production Technician I,MA,2021,05/16/83,F,Single,US Citizen,No,White,2/17/2014,,N/A-StillEmployed,Active,Production       ,David Stanley,14,LinkedIn,Needs Improvement,2.44,5,0,02-11-2019,4,18
"Tredinnick, Neville ",10044,1,1,1,5,3,3,0,75281,1,15,Network Engineer,MA,1420,05-05-1988,M ,Married,US Citizen,No,White,01-05-2015,02-12-2016,medical issues,Voluntarily Terminated,IT/IS,Peter Monroe,7,CareerBuilder,Fully Meets,5,3,5,4/15/2015,0,11
"True, Edward",10102,0,0,1,5,4,3,1,100416,1,24,Software Engineer,MA,2451,06/14/83,M ,Single,Non-Citizen,No,Black or African American,2/18/2013,4/15/2018,medical issues,Voluntarily Terminated,Software Engineering,Alex Sweetwater,10,Diversity Job Fair,Fully Meets,4.6,3,4,02-12-2017,0,9
"Trzeciak, Cybil",10270,0,0,0,5,5,3,0,74813,1,20,Production Technician II,MA,1778,03/15/85,F,Single,US Citizen,No,White,01-10-2011,07-02-2014,unhappy,Voluntarily Terminated,Production       ,Amy Dunn,11,LinkedIn,Fully Meets,4.4,3,0,01-05-2014,0,5
"Turpin, Jumil",10045,1,1,1,1,3,3,0,76029,0,15,Network Engineer,MA,2343,03/31/69,M ,Married,Eligible NonCitizen,No,White,3/30/2015,,N/A-StillEmployed,Active,IT/IS,Peter Monroe,7,Employee Referral,Fully Meets,5,4,7,1/14/2019,0,8
"Valentin,Jackie",10205,1,1,0,1,6,3,0,57859,0,3,Area Sales Manager,AZ,85006,05/23/91,F,Married,US Citizen,No,Two or more races,07-05-2011,,N/A-StillEmployed,Active,Sales,John Smith,17,Indeed,Fully Meets,2.81,3,0,1/17/2019,0,16
"Veera, Abdellah ",10014,0,2,1,5,5,4,0,58523,1,19,Production Technician I,MA,2171,01/31/87,M ,Divorced,US Citizen,No,White,8/13/2012,02-05-2016,maternity leave - did not return,Voluntarily Terminated,Production       ,Kissy Sullivan,20,LinkedIn,Exceeds,4.5,5,0,02-01-2016,0,15
"Vega, Vincent",10144,0,2,1,1,5,3,0,88976,0,17,Production Manager,MA,2169,10-10-1968,M ,Divorced,US Citizen,No,White,08-01-2011,,N/A-StillEmployed,Active,Production       ,Janet King,2,Employee Referral,Fully Meets,3.93,3,0,2/27/2019,0,19
"Villanueva, Noah",10253,0,0,1,1,6,3,0,55875,0,3,Area Sales Manager,ME,4063,07-11-1989,M ,Single,US Citizen,No,Asian,03-05-2012,,N/A-StillEmployed,Active,Sales,John Smith,17,Website,Fully Meets,4.5,4,0,1/18/2019,0,11
"Voldemort, Lord",10118,1,1,1,4,3,3,0,113999,1,8,Database Administrator,MA,1960,08-07-1986,M ,Married,US Citizen,No,Black or African American,2/16/2015,2/22/2017,"no-call, no-show",Terminated for Cause,IT/IS,Simon Roup,4,Employee Referral,Fully Meets,4.33,3,7,2/15/2017,0,9
"Volk, Colleen",10022,1,1,0,4,5,4,0,49773,1,19,Production Technician I,MA,2747,06-03-1986,F,Married,US Citizen,No,White,9/26/2011,02-08-2016,gross misconduct,Terminated for Cause,Production       ,Kelley Spirea,18,Google Search,Exceeds,4.3,5,0,02-01-2015,0,18
"Von Massenbach, Anna",10183,0,0,0,2,5,3,0,62068,0,19,Production Technician I,MA,2124,04-06-1985,F,Single,US Citizen,No,White,07-05-2015,,N/A-StillEmployed,Active,Production       ,Michael Albert,22,LinkedIn,Fully Meets,3.21,3,0,1/29/2019,0,7
"Walker, Roger",10190,0,0,1,1,5,3,0,66541,0,20,Production Technician II,MA,2459,02-10-1976,M ,Single,US Citizen,No,Black or African American,8/18/2014,,N/A-StillEmployed,Active,Production       ,Ketsia Liebig,19,Employee Referral,Fully Meets,3.11,5,0,02-12-2019,0,4
"Wallace, Courtney  E",10274,1,1,0,5,5,3,1,80512,1,18,Production Manager,MA,2478,11/14/55,F,Married,US Citizen,No,Black or African American,9/26/2011,01-02-2012,Another position,Voluntarily Terminated,Production       ,Janet King,2,Diversity Job Fair,Fully Meets,4.5,3,0,01-02-2012,0,5
"Wallace, Theresa",10293,0,0,0,5,5,2,0,50274,1,19,Production Technician I,MA,1887,08-02-1980,F,Single,US Citizen,No,White,8/13/2012,09-01-2015,career change,Voluntarily Terminated,Production       ,Elijiah Gray,16,CareerBuilder,Needs Improvement,2.5,3,0,09-05-2014,6,13
"Wang, Charlie",10172,0,0,1,1,3,3,0,84903,0,22,Senior BI Developer,MA,1887,07-08-1981,M ,Single,US Citizen,No,Asian,2/15/2017,,N/A-StillEmployed,Active,IT/IS,Brian Champaigne,13,Indeed,Fully Meets,3.42,4,7,01-04-2019,0,17
"Warfield, Sarah",10127,0,4,0,1,3,3,0,107226,0,28,Sr. Network Engineer,MA,2453,05-02-1978,F,Widowed,US Citizen,No,Asian,3/30/2015,,N/A-StillEmployed,Active,IT/IS,Peter Monroe,7,Employee Referral,Fully Meets,4.2,4,8,02-05-2019,0,7
"Whittier, Scott",10072,0,0,1,5,5,3,0,58371,1,19,Production Technician I,MA,2030,05/24/87,M ,Single,US Citizen,Yes,White,01-10-2011,5/15/2014,hours,Voluntarily Terminated,Production       ,Webster Butler,39,LinkedIn,Fully Meets,5,5,0,5/15/2014,0,11
"Wilber, Barry",10048,1,1,1,5,5,3,0,55140,1,19,Production Technician I,MA,2324,09-09-1965,M ,Married,Eligible NonCitizen,No,White,5/16/2011,09-07-2015,unhappy,Voluntarily Terminated,Production       ,Amy Dunn,11,Website,Fully Meets,5,3,0,2/15/2015,0,7
"Wilkes, Annie",10204,0,2,0,5,5,3,0,58062,1,19,Production Technician I,MA,1876,07/30/83,F,Divorced,US Citizen,No,White,01-10-2011,5/14/2012,Another position,Voluntarily Terminated,Production       ,Ketsia Liebig,19,Google Search,Fully Meets,3.6,5,0,02-06-2011,0,9
"Williams, Jacquelyn  ",10264,0,0,0,5,5,3,1,59728,1,19,Production Technician I,MA,2109,10-02-1969,F,Single,US Citizen,Yes,Black or African American,01-09-2012,6/27/2015,relocation out of area,Voluntarily Terminated,Production       ,Ketsia Liebig,19,Diversity Job Fair,Fully Meets,4.3,4,0,06-02-2014,0,16
"Winthrop, Jordan  ",10033,0,0,1,5,5,4,0,70507,1,20,Production Technician II,MA,2045,11-07-1958,M ,Single,US Citizen,No,White,01-07-2013,2/21/2016,retiring,Voluntarily Terminated,Production       ,Brannon Miller,12,LinkedIn,Exceeds,5,3,0,1/19/2016,0,7
"Wolk, Hang  T",10174,0,0,0,1,5,3,0,60446,0,20,Production Technician II,MA,2302,04/20/85,F,Single,US Citizen,No,White,9/29/2014,,N/A-StillEmployed,Active,Production       ,David Stanley,14,LinkedIn,Fully Meets,3.4,4,0,2/21/2019,0,14
"Woodson, Jason",10135,0,0,1,1,5,3,0,65893,0,20,Production Technician II,MA,1810,05-11-1985,M ,Single,US Citizen,No,White,07-07-2014,,N/A-StillEmployed,Active,Production       ,Kissy Sullivan,20,LinkedIn,Fully Meets,4.07,4,0,2/28/2019,0,13
"Ybarra, Catherine ",10301,0,0,0,5,5,1,0,48513,1,19,Production Technician I,MA,2458,05-04-1982,F,Single,US Citizen,No,Asian,09-02-2008,9/29/2015,Another position,Voluntarily Terminated,Production       ,Brannon Miller,12,Google Search,PIP,3.2,2,0,09-02-2015,5,4
"Zamora, Jennifer",10010,0,0,0,1,3,4,0,220450,0,6,CIO,MA,2067,08/30/79,F,Single,US Citizen,No,White,04-10-2010,,N/A-StillEmployed,Active,IT/IS,Janet King,2,Employee Referral,Exceeds,4.6,5,6,2/21/2019,0,16
"Zhou, Julia",10043,0,0,0,1,3,3,0,89292,0,9,Data Analyst,MA,2148,02/24/79,F,Single,US Citizen,No,White,3/30/2015,,N/A-StillEmployed,Active,IT/IS,Simon Roup,4,Employee Referral,Fully Meets,5,3,5,02-01-2019,0,11
"Zima, Colleen",10271,0,4,0,1,5,3,0,45046,0,19,Production Technician I,MA,1730,08/17/78,F,Widowed,US Citizen,No,Asian,9/29/2014,,N/A-StillEmployed,Active,Production       ,David Stanley,14,LinkedIn,Fully Meets,4.5,5,0,1/30/2019,0,2
"Goble, Lily",10312,1,3,1,3,3,1,1,101812,1,22,Senior BI Developer,MT,1864,02-09-1983,M ,Separated,US Citizen,No,Asian,05/20/2014,07-08-2015,Another position,Voluntarily Terminated,Production       ,Board of Directors,9,On-line Web application,Needs Improvement,1.24,1,3,1/17/2019,1,13
"Gruber, Erasumus",10313,1,1,1,4,4,1,1,48421,0,13,IT Manager - Support,VT,2061,09/27/88,M ,Married,US Citizen,No,White,07/29/2015,,Another position,Voluntarily Terminated,IT/IS,Eric Dougall,6,Other,PIP,1.33,5,5,1/17/2019,1,7
"Jackson, Lenora",10314,0,4,0,3,3,4,0,129863,0,23,Software Engineer,OR,1824,07-06-1968,F,Widowed,US Citizen,Yes,White,11/14/2013,,N/A-StillEmployed,Voluntarily Terminated,Production       ,Brandon R. LeBlanc,3,Website,Fully Meets,3.74,1,10,10/22/2011,1,3
"Lynch, Betsy",10315,1,2,1,4,6,3,0,143918,0,17,Production Manager,WA,1460,10-10-1968,M ,Divorced,US Citizen,Yes,White,03/29/2006,,N/A-StillEmployed,Active,Production       ,Amy Dunn,11,LinkedIn,Exceeds,1.4,5,9,03-06-2016,0,12
"Lajiri, Eric",10316,0,1,0,2,3,4,0,126435,0,8,Database Administrator,UT,1801,11-08-1988,F,Married,US Citizen,No,White,06/29/2009,,hours,Active,Production       ,Webster Butler,39,Other,Fully Meets,1.25,5,1,02-07-2019,4,2
"Hendrickson, Jacquelyn",10317,0,0,0,3,3,2,1,123854,0,8,Database Administrator,FL,1901,08/31/81,F,Single,US Citizen,No,White,04/30/2018,,"no-call, no-show",Active,Admin Offices,Brandon R. LeBlanc,1,Indeed,Needs Improvement,2,2,1,2/21/2019,2,9
"Corleone, Shana",10318,0,4,1,5,5,2,1,103873,1,28,Sr. Network Engineer,TN,1915,10/15/84,M ,Widowed,US Citizen,No,White,04/27/2015,09/15/2017,N/A-StillEmployed,Active,Software Engineering,Kissy Sullivan,20,Other,Fully Meets,4.97,5,7,1/31/2019,4,13
"Tannen, Joseph",10319,1,2,0,2,5,2,0,121528,0,25,Software Engineering Manager,RI,1886,11/25/87,F,Divorced,US Citizen,No,Black or African American,02-10-2012,,N/A-StillEmployed,Active,IT/IS,Board of Directors,9,Employee Referral,Fully Meets,1.01,2,2,1/21/2019,2,15
"Ruiz, Anthony",10320,0,4,1,1,4,1,0,73347,0,10,Director of Operations,NH,2171,08/25/76,M ,Widowed,US Citizen,Yes,Black or African American,09/17/2012,,N/A-StillEmployed,Voluntarily Terminated,IT/IS,Simon Roup,4,Employee Referral,Exceeds,2.05,2,4,02-02-2015,5,8
"Hendrickson, B'rigit",10321,1,2,1,1,2,3,0,93102,0,6,CIO,MT,2149,05/24/79,M ,Divorced,US Citizen,No,White,03/20/2015,,N/A-StillEmployed,Active,Production       ,Debra Houlihan,15,Website,Fully Meets,1.88,3,2,1/28/2019,3,19
"Trang, Lauren",10322,1,1,1,1,2,4,0,60379,0,13,IT Manager - Support,OH,2129,03/17/66,M ,Married,US Citizen,No,Asian,04-05-2006,,N/A-StillEmployed,Active,Production       ,Kelley Spirea,18,Diversity Job Fair,Fully Meets,4.74,2,9,2/27/2019,1,18
"DeVito, Adrienne  J",10323,1,3,1,4,4,1,0,85680,1,8,Database Administrator,ME,2451,11/14/55,M ,Separated,US Citizen,No,White,03/20/2014,12/17/2016,N/A-StillEmployed,Terminated for Cause,IT/IS,John Smith,17,CareerBuilder,Exceeds,4.32,2,9,01-07-2012,2,14
"Bates, Leigh Ann",10324,1,0,1,5,1,2,0,81605,1,24,Software Engineer,UT,2145,07/30/83,M ,Single,US Citizen,No,White,10/24/2012,04/30/2015,N/A-StillEmployed,Voluntarily Terminated,Admin Offices,Kissy Sullivan,20,LinkedIn,PIP,2,5,3,02-11-2019,2,11
"Johnson, Shari",10325,0,2,0,2,5,1,0,120896,0,2,Administrative Assistant,CT,2056,12/27/58,F,Divorced,US Citizen,No,White,03/26/2018,,N/A-StillEmployed,Active,Production       ,Simon Roup,4,CareerBuilder,PIP,4.39,3,4,05-02-2015,0,20
"Tredinnick, Amon",10326,1,0,0,3,6,2,0,107552,0,22,Senior BI Developer,FL,2176,04-10-1987,F,Single,US Citizen,No,White,01/24/2011,,N/A-StillEmployed,Voluntarily Terminated,IT/IS,Lynn Daneault,21,On-line Web application,Needs Improvement,1.92,4,7,1/14/2019,2,5
"Ndzi, Lenora",10327,1,2,0,1,6,3,1,120893,1,9,Data Analyst ,CO,1887,05-04-1982,F,Divorced,US Citizen,No,White,06/30/2013,09/25/2015,N/A-StillEmployed,Active,Admin Offices,Elijiah Gray,16,Google Search,Exceeds,1.13,2,2,02-01-2019,5,0
"Newman, Bonalyn",10328,0,1,0,2,6,3,1,55512,0,17,Production Manager,KY,2360,11-07-1987,F,Married,US Citizen,No,White,08-01-2015,,N/A-StillEmployed,Active,Production       ,Amy Dunn,11,CareerBuilder,Needs Improvement,2.41,3,7,1/14/2019,5,12
"Givens, Cybil",10329,0,2,1,1,3,3,1,74862,0,17,Production Manager,NH,2021,08/27/72,M ,Divorced,US Citizen,No,White,08/16/2011,,N/A-StillEmployed,Active,Production       ,Eric Dougall,6,CareerBuilder,PIP,1.31,4,7,01-04-2019,0,8
"Dougall, Hans",10330,0,1,1,4,1,3,0,59829,0,29,Principal Data Architect,WA,2459,12-02-1978,M ,Married,US Citizen,No,Black or African American,01-03-2018,,more money,Active,Software Engineering,Alex Sweetwater,10,Website,Fully Meets,1.46,3,2,01-07-2019,4,19
"O'hare, Enrico",10331,1,4,1,5,5,2,1,77760,1,21,Sales Manager,WA,37129,04-05-1987,M ,Widowed,US Citizen,No,Asian,08-03-2009,09-08-2009,N/A-StillEmployed,Active,Production       ,Debra Houlihan,15,On-line Web application,Needs Improvement,4.69,2,10,2/15/2012,3,9
"Buccheri, Giovanni",10332,1,0,0,5,6,1,0,72221,0,13,IT Manager - Infra,AL,2330,09/23/73,F,Single,US Citizen,Yes,White,03/17/2018,,N/A-StillEmployed,Active,Production       ,Brandon R. LeBlanc,1,CareerBuilder,Fully Meets,3.39,2,1,1/31/2019,1,3
"Williams, Dallas",10333,0,0,0,1,1,4,1,135858,1,12,IT Director,ME,2050,09/30/80,F,Single,US Citizen,No,Black or African American,01-09-2016,04/24/2018,N/A-StillEmployed,Voluntarily Terminated,IT/IS,Brannon Miller,12,Google Search,PIP,1.78,3,4,02-05-2016,3,20
"Heitzman, Shana",10334,0,2,0,5,2,3,0,50009,0,2,Administrative Assistant,ND,2170,05/19/88,F,Divorced,US Citizen,No,Black or African American,03/24/2014,,attendance,Active,Production       ,Simon Roup,4,Indeed,Exceeds,2.66,5,0,02-01-2016,2,15
"Bernstein, Nader",10335,0,0,1,3,3,2,0,44364,0,12,IT Director,KY,6040,11-11-1989,M ,Single,US Citizen,No,White,04/22/2011,,N/A-StillEmployed,Active,Production       ,Brandon R. LeBlanc,3,On-line Web application,PIP,4.35,4,9,02-01-2019,0,8
"Smith, Sneha",10336,1,1,1,4,6,1,0,112295,0,8,Database Administrator,PA,1844,09-05-1981,M ,Married,US Citizen,No,Black or African American,06-09-2016,,Another position,Active,Production       ,Jennifer Zamora,5,LinkedIn,Exceeds,3.91,4,1,1/30/2019,4,13
"Pearson, Kylo",10337,1,2,1,1,2,2,1,125627,0,19,Production Technician I,RI,2148,12-05-1974,M ,Divorced,US Citizen,No,Black or African American,02/22/2018,,N/A-StillEmployed,Active,Production       ,Brandon R. LeBlanc,3,On-line Web application,PIP,4.85,3,8,01-04-2019,2,0
"Trang, Alex",10338,1,0,0,1,3,1,0,73627,1,18,Production Manager,RI,1460,07-07-1984,F,Single,US Citizen,Yes,Asian,09/24/2013,08/23/2015,N/A-StillEmployed,Voluntarily Terminated,Production       ,Michael Albert,22,LinkedIn,Exceeds,2.51,5,6,1/14/2019,1,9
"Garcia, Lisa",10339,1,2,1,5,6,1,0,145080,1,29,Principal Data Architect,TX,2132,04-10-1987,M ,Divorced,US Citizen,No,White,03-05-2020,05-09-2020,N/A-StillEmployed,Voluntarily Terminated,Production       ,David Stanley,14,On-line Web application,Fully Meets,1.72,4,6,1/14/2019,3,3
"Crimmings, Carl",10340,0,4,1,4,6,3,0,132517,0,29,Principal Data Architect,VT,2747,03/28/78,M ,Widowed,US Citizen,No,White,08/19/2014,,performance,Active,Production       ,Debra Houlihan,15,Diversity Job Fair,Exceeds,1.74,4,3,01-05-2014,4,17
"Gilles, Rick",10341,1,2,1,4,6,3,0,118478,0,1,Accountant I,NC,2330,08/17/92,M ,Divorced,US Citizen,No,White,09-09-2009,,N/A-StillEmployed,Active,Production       ,Peter Monroe,7,On-line Web application,PIP,1.89,5,9,1/25/2019,0,12
"Rachael, Noah",10342,0,0,1,3,3,1,1,133925,0,22,Senior BI Developer,ND,1775,10-01-1981,M ,Single,US Citizen,no,White,04/27/2016,,Another position,Active,IT/IS,Alex Sweetwater,10,Google Search,Exceeds,3.97,3,5,1/29/2019,1,19
"Blount, Jack",10343,0,2,0,4,6,1,0,139047,1,7,Data Architect,UT,1773,09-01-1986,F,Divorced,US Citizen,No,White,07/21/2007,12/25/2008,N/A-StillEmployed,Voluntarily Terminated,Production       ,Eric Dougall,6,On-line Web application,Exceeds,3.71,1,5,02-04-2019,1,16
"Veera, Kristen",10344,1,2,1,2,5,1,0,136895,1,24,Software Engineer,KY,2138,10-02-1969,M ,Divorced,US Citizen,No,Asian,07-11-2016,12/14/2017,N/A-StillEmployed,Active,Production       ,Kelley Spirea,18,Google Search,PIP,1.84,1,9,1/17/2019,4,1
"Lydon, Shana",10345,0,0,1,2,2,1,0,87530,0,1,Accountant I,KY,2451,02-12-1979,M ,Single,US Citizen,No,White,07/24/2014,,N/A-StillEmployed,Active,Production       ,Michael Albert,22,CareerBuilder,Exceeds,2.23,1,2,05-03-2012,4,17
"Robinson, Barry",10346,1,3,0,2,5,3,0,92047,1,7,Data Architect,UT,2148,12-01-1974,F,Separated,US Citizen,No,White,07-09-2020,07-04-2021,N/A-StillEmployed,Active,Production       ,Debra Houlihan,15,Other,PIP,3.57,5,10,04-05-2013,2,20
"Goble, Travis",10347,1,2,1,2,4,3,1,130259,0,18,Production Manager,ME,1886,07-07-1975,M ,Divorced,Non-Citizen,No,White,10/25/2011,,N/A-StillEmployed,Active,Production       ,David Stanley,14,Website,Fully Meets,1.38,1,2,01-03-2019,4,8
"Lajiri, Debra",10348,0,1,0,3,3,3,0,146695,0,10,Director of Operations,ME,2044,12-02-1978,F,Married,US Citizen,No,White,01/20/2011,,N/A-StillEmployed,Active,Production       ,Brannon Miller,12,Other,Exceeds,2.57,5,0,01-08-2019,0,15
"Goyal, Paula",10349,1,1,1,3,3,2,1,74430,0,13,IT Manager - DB,UT,2050,01/19/76,M ,Married,US Citizen,Yes,White,12/24/2011,,N/A-StillEmployed,Voluntarily Terminated,Software Engineering,Peter Monroe,7,CareerBuilder,Exceeds,2.82,3,8,1/21/2019,4,2
"Linares, Ricardo",10350,1,4,1,1,3,1,1,83477,0,10,Director of Operations,RI,1460,04-04-1979,M ,Widowed,US Citizen,Yes,White,11/13/2010,,career change,Active,Admin Offices,Janet King,2,Google Search,Exceeds,4.88,4,5,1/28/2019,3,3
"Bondwell, Roger",10351,0,1,0,3,5,2,0,97220,1,11,Director of Sales,CO,2478,03/28/78,F,Married,US Citizen,No,Black or African American,04/22/2012,07/20/2012,Another position,Voluntarily Terminated,Production       ,David Stanley,14,LinkedIn,PIP,2.49,1,4,1/28/2019,1,0
"Wallace, Jane",10352,0,4,0,5,1,1,0,79663,0,3,Area Sales Manager,PA,2421,09/21/90,F,Widowed,US Citizen,No,White,07/17/2012,,Another position,Active,Sales,Board of Directors,9,CareerBuilder,PIP,4.2,5,6,2/26/2019,2,19
"Leruth, Carol",10353,1,1,1,4,4,2,0,93015,0,28,Sr. Network Engineer,ND,2145,11/22/66,M ,Married,Non-Citizen,No,Black or African American,09/24/2007,,career change,Active,Sales,Janet King,2,Google Search,Needs Improvement,3.62,4,1,5/15/2014,2,15
"Petingill, Karen",10354,0,2,0,5,6,4,0,40450,1,4,BI Developer,CA,2421,07/22/82,F,Divorced,US Citizen,No,White,09/14/2016,11/21/2016,unhappy,Active,Production       ,Webster Butler,39,Diversity Job Fair,Needs Improvement,3.8,3,2,01-04-2019,1,10
"Spirea, Leonara",10355,0,2,0,2,5,1,0,110115,0,9,Data Analyst,OR,1821,10-10-1968,F,Divorced,US Citizen,No,Black or African American,01-09-2020,,N/A-StillEmployed,Voluntarily Terminated,Sales,Michael Albert,22,Google Search,PIP,1.66,5,8,2/14/2019,5,15
"Squatrito, Susan",10356,0,4,0,4,5,4,0,143325,0,13,IT Manager - DB,MA,2138,03/26/73,F,Widowed,US Citizen,No,White,10-02-2016,,unhappy,Voluntarily Terminated,Production       ,John Smith,17,On-line Web application,Fully Meets,4.44,4,9,05-04-2011,3,12
"Nguyen, Phil",10357,1,3,0,3,1,1,1,132196,0,23,Software Engineer,ID,1550,09/22/76,F,Separated,US Citizen,No,American Indian or Alaska Native,06/28/2013,,retiring,Voluntarily Terminated,Production       ,Kelley Spirea,18,CareerBuilder,Fully Meets,3.35,5,3,1/21/2019,5,3
"Cady, Constance",10358,1,1,1,5,5,2,0,64927,0,28,Sr. Network Engineer,WA,2062,10-02-1969,M ,Married,US Citizen,No,Asian,06-07-2013,,unhappy,Active,Production       ,Kelley Spirea,18,On-line Web application,Exceeds,4.78,2,8,2/27/2019,4,6
"Clukey, Leigh Ann",10359,1,4,0,2,5,1,1,41811,0,16,President & CEO,PA,2343,03/22/66,F,Widowed,US Citizen,No,White,04-11-2007,,N/A-StillEmployed,Active,Software Engineering,Brannon Miller,12,Diversity Job Fair,PIP,2.09,2,0,09-02-2015,3,5
"Billis, Biff",10360,1,4,1,3,6,2,1,146304,0,24,Software Engineer,FL,1776,10-10-1968,M ,Widowed,US Citizen,No,White,11-05-2014,,N/A-StillEmployed,Active,Production       ,Ketsia Liebig,19,Diversity Job Fair,Fully Meets,1.71,4,2,02-01-2013,3,6
"Fett, Caitrin",10361,1,1,0,5,2,2,1,112330,0,29,Principal Data Architect,KY,2718,06/14/83,F,Married,US Citizen,No,White,09/17/2013,,N/A-StillEmployed,Active,Production       ,Janet King,2,CareerBuilder,PIP,3.29,3,5,01-10-2013,2,2
"Hunts, James",10362,0,4,1,3,5,4,1,84385,0,30,Enterprise Architect,PA,2127,09/29/69,M ,Widowed,US Citizen,No,Black or African American,04/19/2015,,N/A-StillEmployed,Active,Production       ,Michael Albert,22,LinkedIn,Exceeds,4.37,1,8,02-11-2019,0,9
"Ozark, Daniel",10363,0,3,0,5,1,2,1,47348,0,22,Senior BI Developer,OR,2908,06-03-1967,F,Separated,US Citizen,Yes,White,10/21/2015,,N/A-StillEmployed,Voluntarily Terminated,Production       ,Ketsia Liebig,19,LinkedIn,Needs Improvement,4.81,1,2,02-01-2019,0,12
"MacLennan, Walter",10364,0,1,1,2,4,4,0,106142,0,19,Production Technician I,ME,1803,03/31/69,M ,Married,US Citizen,No,Black or African American,06/19/2010,,hours,Voluntarily Terminated,Sales,David Stanley,14,On-line Web application,Exceeds,3.86,4,1,01-07-2019,5,8
"DiNocco, Dallas",10365,0,1,1,5,2,4,0,100012,0,10,Director of Operations,ME,2149,03/14/85,M ,Married,US Citizen,No,White,12/13/2013,,N/A-StillEmployed,Voluntarily Terminated,Production       ,Michael Albert,30,Employee Referral,Needs Improvement,2.77,3,4,1/31/2019,2,8
"Bacong, Patrick",10366,0,3,0,2,6,2,0,80761,0,21,Sales Manager,ND,2169,12-11-1976,F,Separated,US Citizen,No,White,04/14/2019,,N/A-StillEmployed,Active,Production       ,Simon Roup,4,Indeed,Needs Improvement,2.7,1,4,1/16/2016,3,11
"Bugali, Tanya",10367,0,4,1,2,5,3,1,134302,0,1,Accountant I,OR,2030,05-11-1990,M ,Widowed,US Citizen,No,White,12/25/2016,,maternity leave - did not return,Active,Production       ,David Stanley,14,Indeed,Needs Improvement,4.21,5,5,02-01-2016,0,11
"Robertson, Raul",10368,1,0,1,5,2,3,0,104617,0,19,Production Technician I,WA,2138,05-11-1985,M ,Single,US Citizen,No,White,11-08-2011,,N/A-StillEmployed,Terminated for Cause,Sales,Alex Sweetwater,10,LinkedIn,PIP,3.29,5,5,1/17/2019,3,17
"Moran, Earnest",10369,0,0,1,3,2,3,0,113313,0,21,Sales Manager,ND,2451,06/14/83,M ,Single,US Citizen,No,White,09/30/2013,,N/A-StillEmployed,Active,Production       ,Janet King,2,Other,Exceeds,4.92,3,10,06-10-2016,2,14
"Cockel, Allison",10370,1,1,0,3,3,1,1,42162,0,19,Production Technician I,NY,1902,12-11-1976,F,Married,US Citizen,No,White,10/15/2007,,N/A-StillEmployed,Voluntarily Terminated,Software Engineering,Webster Butler,39,LinkedIn,Exceeds,1.23,4,0,02-04-2019,5,15
"Ndzi, Vincent",10371,1,0,0,1,1,4,0,100522,0,21,Sales Manager,CA,2110,04-06-1985,F,Single,US Citizen,Yes,White,06/16/2009,,N/A-StillEmployed,Active,Production       ,Jennifer Zamora,5,Google Search,Needs Improvement,3,1,5,02-08-2019,2,18
"Valentin, Cybil",10372,0,1,0,1,2,1,0,131092,1,12,IT Director,NH,2169,10-05-1986,F,Married,US Citizen,No,Two or more races,08/29/2016,05/18/2019,N/A-StillEmployed,Active,Sales,Brian Champaigne,13,LinkedIn,Fully Meets,4.59,5,0,1/28/2019,1,12
"Salter, Robyn",10373,0,1,0,3,5,1,0,114597,1,13,IT Manager - Support,KY,1701,07/22/82,F,Married,US Citizen,No,Black or African American,07-02-2013,01-02-2016,N/A-StillEmployed,Voluntarily Terminated,IT/IS,Eric Dougall,6,Indeed,Exceeds,1.73,1,4,02-07-2019,3,6
"Mckenna, Susan",10374,1,3,0,4,4,4,0,95364,0,16,President & CEO,AL,19444,10-12-1954,F,Separated,US Citizen,No,White,06-03-2013,,career change,Active,Production       ,Michael Albert,22,Employee Referral,Fully Meets,1.72,5,2,1/28/2019,4,9
"Estremera, Courtney",10375,1,4,1,4,3,2,0,109280,0,16,President & CEO,UT,1730,08/26/86,M ,Widowed,US Citizen,No,White,11/20/2012,,maternity leave - did not return,Voluntarily Terminated,Software Engineering,David Stanley,14,LinkedIn,Needs Improvement,3.5,2,1,01-10-2013,3,18
"Barbara, May",10376,1,0,0,3,2,1,1,63266,0,20,Production Technician II,AL,3062,08/25/78,F,Single,Non-Citizen,No,White,07/24/2007,,N/A-StillEmployed,Voluntarily Terminated,Production       ,Webster Butler,39,On-line Web application,PIP,3.66,5,0,10/22/2011,3,18
"Leruth, Neville",10377,0,1,0,2,1,4,0,134179,0,30,Enterprise Architect,CO,2169,04/17/86,F,Married,US Citizen,No,White,11/19/2017,,N/A-StillEmployed,Active,Production       ,Janet King,2,Website,PIP,3.42,5,10,04-02-2018,1,6
"Leach, Theresa",10378,0,1,1,1,2,2,1,68425,0,27,Sr. DBA,VA,2128,06/19/61,M ,Married,US Citizen,No,White,07/19/2007,,N/A-StillEmployed,Active,Production       ,Amy Dunn,11,Website,PIP,3.22,1,7,4/29/2016,2,16
"Barton, Jasmine",10379,1,0,1,3,3,2,1,146058,0,4,BI Developer,MA,2189,03/17/66,M ,Single,US Citizen,No,White,06-12-2011,,N/A-StillEmployed,Terminated for Cause,Production       ,Brandon R. LeBlanc,3,LinkedIn,Fully Meets,1.29,1,4,1/18/2019,0,2
"Rivera, Brian",10380,1,4,1,5,5,1,1,101028,1,21,Sales Manager,PA,2359,11-02-1975,M ,Widowed,US Citizen,No,White,06-12-2015,09-12-2015,N/A-StillEmployed,Active,Production       ,Lynn Daneault,21,Website,PIP,4.42,4,0,1/29/2019,4,10
"Blount, Shana",10381,1,2,1,5,4,3,1,90452,0,2,Administrative Assistant,VA,10171,10-09-1974,M ,Divorced,US Citizen,No,Black or African American,10/22/2008,,N/A-StillEmployed,Active,Production       ,Board of Directors,9,Website,PIP,2.94,3,7,02-02-2015,5,3
"Immediato, Amy",10382,0,2,0,1,1,3,0,70710,1,14,IT Support,IN,2110,08/29/88,F,Divorced,US Citizen,No,White,03-07-2017,02-04-2018,hours,Voluntarily Terminated,Production       ,Lynn Daneault,21,Other,Fully Meets,1.81,2,2,1/14/2019,3,10
"Sahoo, Ming",10383,1,3,1,4,6,3,1,78796,1,16,President & CEO,NY,2170,06/30/89,M ,Separated,US Citizen,No,Black or African American,11/17/2016,03-01-2017,N/A-StillEmployed,Active,Production       ,Ketsia Liebig,19,Diversity Job Fair,Fully Meets,2.58,2,8,01-10-2016,1,8
"Morway, Maliki",10384,0,2,1,2,5,2,1,50054,0,11,Director of Sales,CT,2138,05-02-1974,M ,Divorced,US Citizen,No,Black or African American,05-05-2012,,N/A-StillEmployed,Active,Production       ,Debra Houlihan,15,Google Search,Exceeds,1.06,3,8,02-07-2019,2,17
"Lecter, Clinton",10385,0,1,1,1,3,3,0,69993,0,30,Enterprise Architect,CA,2171,10/22/75,M ,Married,US Citizen,Yes,White,12-11-2019,,N/A-StillEmployed,Active,IT/IS,Lynn Daneault,21,Website,PIP,3.78,4,0,1/14/2019,2,17
"Dietrich, Raul",10386,1,3,0,3,4,1,0,118464,0,10,Director of Operations,AL,2169,11-07-1974,F,Separated,US Citizen,No,White,01/26/2008,,N/A-StillEmployed,Active,IT/IS,Brian Champaigne,13,Other,Exceeds,3.16,4,7,09-02-2015,3,13
"Petingill, Hannah",10387,1,2,1,2,4,3,1,73694,0,15,Network Engineer,UT,2119,10/23/71,M ,Divorced,US Citizen,No,Asian,08-06-2009,,N/A-StillEmployed,Active,Production       ,Simon Roup,4,Other,Exceeds,4.37,5,3,1/30/2019,5,0
"Rose, Nina",10388,1,3,0,5,3,2,1,143503,0,20,Production Technician II,ME,2330,11/25/78,F,Separated,US Citizen,No,White,07/18/2009,,N/A-StillEmployed,Terminated for Cause,Production       ,Michael Albert,22,Employee Referral,Needs Improvement,2,3,6,02-01-2013,2,14
"Theamstern, Seffi",10389,0,1,1,4,3,3,0,84957,0,6,CIO,ME,1902,09-05-1985,M ,Married,US Citizen,Yes,Black or African American,04-02-2012,,N/A-StillEmployed,Active,IT/IS,Brandon R. LeBlanc,1,LinkedIn,Exceeds,4.3,1,4,1/14/2019,5,16
"Barton, Lenora",10390,1,3,1,1,1,2,1,62797,0,13,IT Manager - Support,TN,1810,09/21/54,M ,Separated,US Citizen,No,Black or African American,11/15/2012,,career change,Terminated for Cause,Production       ,Debra Houlihan,15,CareerBuilder,Exceeds,3.35,3,10,8/16/2015,1,5
"Perry, Kamrin",10391,1,2,0,5,1,1,1,123916,0,29,Principal Data Architect,NH,1803,07/18/89,F,Divorced,US Citizen,No,White,06-07-2012,,N/A-StillEmployed,Voluntarily Terminated,Production       ,Board of Directors,9,Website,Needs Improvement,1.85,2,10,1/14/2019,1,2
"Gross, May",10392,1,1,0,4,5,3,1,121706,0,19,Production Technician I,IN,40220,07-10-1971,F,Married,US Citizen,No,Black or African American,10-08-2019,,N/A-StillEmployed,Voluntarily Terminated,IT/IS,David Stanley,14,CareerBuilder,Needs Improvement,4.54,3,7,1/24/2019,0,5
"Bondwell, Jason",10393,1,1,0,3,3,3,1,125577,0,18,Production Manager,NC,1890,10-12-1954,F,Married,US Citizen,Yes,Asian,04-09-2013,,N/A-StillEmployed,Active,Production       ,Brannon Miller,12,LinkedIn,Exceeds,3.27,3,4,03-10-2015,3,13
"Cady, Susan",10394,1,4,0,5,6,1,1,92827,0,11,Director of Sales,TX,2127,09-05-1984,F,Widowed,US Citizen,No,Hispanic,04-10-2007,,career change,Active,Production       ,Kelley Spirea,18,Google Search,Fully Meets,4.18,2,9,1/28/2019,4,1
"Bunbury, Mathew",10395,0,0,1,5,2,4,0,112049,1,2,Administrative Assistant,ND,2359,05/31/74,M ,Single,US Citizen,No,White,04-08-2010,08-01-2010,Another position,Voluntarily Terminated,Production       ,Michael Albert,22,Diversity Job Fair,Exceeds,4.21,4,0,1/30/2019,1,1
"DiNocco, Nore",10396,1,4,0,4,4,3,1,103903,0,23,Shared Services Manager,ND,2143,03-12-1973,F,Widowed,US Citizen,No,Asian,10-06-2014,,N/A-StillEmployed,Active,Production       ,Eric Dougall,6,Employee Referral,Fully Meets,3.85,5,4,02-08-2019,0,20
"Driver, Ketsia",10397,1,0,1,5,4,2,0,84643,1,12,IT Director,RI,1886,03/16/81,M ,Single,US Citizen,Yes,White,01/20/2018,10/15/2018,career change,Active,Software Engineering,Ketsia Liebig,19,CareerBuilder,PIP,4.51,1,3,09-02-2015,1,15
"Carr, Taylor",10398,0,0,1,4,5,3,0,74687,1,26,Sr. Accountant,NY,2143,05/31/74,M ,Single,US Citizen,No,Black or African American,09-09-2019,05/23/2021,N/A-StillEmployed,Voluntarily Terminated,Production       ,Board of Directors,9,Indeed,Fully Meets,3.22,1,6,02-03-2016,5,19
"Ait Sidi, Bianca",10399,0,1,0,5,6,1,1,118791,1,13,IT Manager - DB,NH,1844,08/19/77,F,Married,US Citizen,No,Black or African American,07-04-2010,10/31/2010,unhappy,Voluntarily Terminated,IT/IS,Kelley Spirea,18,CareerBuilder,Fully Meets,2.97,2,6,2/15/2019,3,18
"Erilus, Ricardo",10400,0,4,1,5,2,1,0,95247,0,15,Network Engineer,MT,2343,10-01-1990,M ,Widowed,US Citizen,No,Black or African American,12-07-2007,,N/A-StillEmployed,Active,Production       ,Amy Dunn,11,Website,PIP,2.03,5,3,02-11-2019,5,5
"Leach, Claudia  N",10401,0,4,0,5,3,4,1,67023,0,23,Shared Services Manager,AL,2127,04/19/90,F,Widowed,US Citizen,No,White,10/13/2007,,N/A-StillEmployed,Terminated for Cause,Production       ,Michael Albert,22,Diversity Job Fair,Fully Meets,2.77,2,3,05-06-2015,3,8
"Lindsay, Sharlene",10402,0,1,0,4,4,2,1,145713,1,13,IT Manager - DB,UT,2176,10/22/75,F,Married,US Citizen,No,Black or African American,05-04-2017,10/19/2019,N/A-StillEmployed,Voluntarily Terminated,Production       ,Peter Monroe,7,Website,Fully Meets,2.05,3,1,02-01-2013,0,3
"Morway, Raul",10403,1,4,1,4,4,2,0,48001,1,13,IT Manager - Infra,CT,2128,07/24/86,M ,Widowed,US Citizen,No,White,12/22/2008,05/30/2010,N/A-StillEmployed,Voluntarily Terminated,Sales,Brannon Miller,12,Diversity Job Fair,Exceeds,4.07,1,0,03-01-2015,4,6
"Bernstein, Linda",10404,0,2,1,1,2,4,0,43964,0,24,Software Engineer,ME,2148,05-04-1982,M ,Divorced,US Citizen,No,Black or African American,02-03-2012,,N/A-StillEmployed,Terminated for Cause,IT/IS,Alex Sweetwater,10,Other,Fully Meets,2.4,4,2,2/22/2019,3,17
"Ivey, Lynn",10405,1,4,0,2,6,2,1,118447,1,16,President & CEO,PA,2747,11/27/79,F,Widowed,US Citizen,No,White,07-06-2011,12/30/2013,N/A-StillEmployed,Active,IT/IS,John Smith,17,Google Search,Exceeds,4.25,1,7,01-04-2019,4,9
"Athwal, Jac",10406,1,1,1,5,4,4,1,99377,0,15,Network Engineer,NV,2148,03/23/77,M ,Married,US Citizen,No,White,11/18/2012,,more money,Terminated for Cause,Production       ,Simon Roup,4,Google Search,Fully Meets,1.13,3,6,05-03-2012,3,6
"Knapp, Caitrin",10407,1,2,1,2,4,4,0,137824,0,14,IT Support,WA,2021,11-05-1978,M ,Divorced,US Citizen,No,White,11-06-2010,,N/A-StillEmployed,Active,Production       ,Janet King,2,Website,Exceeds,1.05,4,9,1/14/2019,3,4
"Sparks, Thomas",10408,1,0,1,3,4,1,1,84912,1,14,IT Support,FL,2171,05/21/79,M ,Single,US Citizen,No,Black or African American,10/20/2012,02-03-2015,N/A-StillEmployed,Voluntarily Terminated,Production       ,Brandon R. LeBlanc,3,Diversity Job Fair,PIP,4.51,2,5,2/25/2019,4,12
"Martin, Michael",10409,0,2,1,3,4,1,0,82559,0,19,Production Technician I,VA,1886,05/30/68,M ,Divorced,US Citizen,No,White,07/17/2017,,N/A-StillEmployed,Voluntarily Terminated,Production       ,Brandon R. LeBlanc,1,Employee Referral,Exceeds,3.81,3,5,2/27/2019,2,14
"Booth, Lisa",10410,1,2,1,5,6,2,1,74568,1,25,Software Engineering Manager,VT,2478,11-11-1989,M ,Divorced,US Citizen,No,White,04/16/2013,12/24/2015,N/A-StillEmployed,Voluntarily Terminated,IT/IS,Brian Champaigne,13,Employee Referral,Exceeds,1.64,1,10,2/18/2019,1,20
"Foster-Baker, Francesco  A",10411,0,3,0,3,1,2,0,87909,0,23,Software Engineer,MT,2170,01-07-1987,F,Separated,US Citizen,No,White,05-08-2008,,N/A-StillEmployed,Active,Production       ,Debra Houlihan,15,LinkedIn,PIP,1.78,4,2,04-09-2017,4,20
"Mangal, Michelle",10412,1,4,0,1,3,4,0,80203,0,5,BI Director,AL,46204,04/26/86,F,Widowed,US Citizen,No,White,07-04-2008,,N/A-StillEmployed,Active,Sales,Brian Champaigne,13,Indeed,Exceeds,3.1,2,0,05-06-2015,1,19
"Jung, Michael",10413,0,4,1,5,3,2,0,111509,0,28,Sr. Network Engineer,AL,2135,11-09-1972,M ,Widowed,US Citizen,No,Black or African American,01-03-2014,,N/A-StillEmployed,Active,Production       ,Alex Sweetwater,10,Other,Fully Meets,4.49,1,8,02-01-2019,0,17
"Gerke, Michael",10414,0,4,0,5,1,3,1,141733,1,15,Network Engineer,ND,6033,05-09-1965,F,Widowed,US Citizen,No,Black or African American,06-06-2015,02-06-2017,N/A-StillEmployed,Voluntarily Terminated,Production       ,Elijiah Gray,16,Website,PIP,3.75,5,6,2/18/2019,0,9
"DeVito, Francesco  A",10415,1,4,1,1,2,1,0,107658,0,11,Director of Sales,NH,2109,05-07-1965,M ,Widowed,US Citizen,No,Two or more races,12/28/2008,,N/A-StillEmployed,Active,Production       ,Brandon R. LeBlanc,3,CareerBuilder,Fully Meets,1.93,1,10,02-02-2015,5,9
"Givens, Trina",10416,0,0,1,2,1,1,0,44255,0,1,Accountant I,KY,1886,05/31/88,M ,Single,US Citizen,No,White,01/15/2017,,N/A-StillEmployed,Voluntarily Terminated,Production       ,Brandon R. LeBlanc,3,LinkedIn,Fully Meets,3.93,2,0,1/30/2013,4,17
"Barone, Jac",10417,0,0,1,5,6,1,1,136836,0,8,Database Administrator,CT,2122,08-10-1981,M ,Single,US Citizen,No,White,02/19/2015,,N/A-StillEmployed,Active,Production       ,Lynn Daneault,21,LinkedIn,Needs Improvement,4.95,2,4,01-11-2019,3,18
"Gray, Katie",10418,1,3,1,2,3,2,1,103971,1,3,Area Sales Manager,FL,2126,01-12-1974,M ,Separated,US Citizen,No,White,03/13/2013,03-05-2015,N/A-StillEmployed,Active,Software Engineering,Brandon R. LeBlanc,1,Other,Fully Meets,4.68,2,9,03-06-2016,2,13
"Veera, Thomas",10419,1,3,1,1,1,3,0,132134,0,5,BI Director,ID,2130,02/24/69,M ,Separated,US Citizen,No,White,02/28/2017,,N/A-StillEmployed,Active,Admin Offices,Brandon R. LeBlanc,3,On-line Web application,PIP,1.4,5,3,2/18/2019,4,6
"Fancett, Annie",10420,1,3,1,2,5,3,0,142447,0,25,Software Engineering Manager,PA,2149,08/26/86,M ,Separated,US Citizen,No,White,08-02-2016,,N/A-StillEmployed,Active,IT/IS,Alex Sweetwater,10,Website,PIP,1.65,2,6,2/18/2019,5,16
"Linares, William",10421,0,2,0,4,6,4,1,79842,0,13,IT Manager - Support,MT,6070,01/16/67,F,Divorced,US Citizen,No,White,04/26/2013,,more money,Terminated for Cause,Production       ,Kelley Spirea,18,Diversity Job Fair,PIP,1.52,5,4,03-02-2016,2,2
"Chan, William",10422,1,3,0,2,5,3,0,113677,0,9,Data Analyst,CA,2176,08/28/63,F,Separated,US Citizen,No,White,02-02-2015,,Another position,Active,IT/IS,Eric Dougall,6,Indeed,PIP,4.44,5,8,03-06-2011,0,1
"Gold, Jennifer",10423,1,4,1,2,6,1,1,102499,1,13,IT Manager - Support,CO,2132,06/19/61,M ,Widowed,US Citizen,No,White,07-09-2018,06/14/2021,N/A-StillEmployed,Active,Production       ,Janet King,2,Google Search,Exceeds,4.44,2,1,02-05-2018,5,14
"Robinson, Whitney",10424,0,3,0,4,3,4,0,73055,0,10,Director of Operations,IN,2045,07/18/89,F,Separated,US Citizen,No,Asian,05/25/2011,,N/A-StillEmployed,Active,Production       ,Michael Albert,22,LinkedIn,Exceeds,1.15,3,3,2/25/2019,0,15
"Stansfield, May",10425,1,2,0,1,5,2,1,50413,1,22,Senior BI Developer,PA,1890,02-12-1979,F,Divorced,US Citizen,No,White,11-03-2013,01/30/2016,N/A-StillEmployed,Voluntarily Terminated,Software Engineering,Alex Sweetwater,10,CareerBuilder,Needs Improvement,4.71,1,1,01-07-2019,2,17
"Robertson, Nina",10426,1,3,0,4,6,2,1,88279,1,10,Director of Operations,OH,1886,10/26/81,F,Separated,US Citizen,No,Black or African American,08-01-2013,08-03-2015,more money,Active,Production       ,Michael Albert,30,On-line Web application,Exceeds,2.93,4,2,06-02-2014,1,15
"Oliver, Judy",10427,0,2,0,2,4,2,0,97504,1,9,Data Analyst,AL,2718,12-02-1983,F,Divorced,US Citizen,No,White,11-04-2012,04-07-2015,N/A-StillEmployed,Active,Production       ,Brandon R. LeBlanc,1,Diversity Job Fair,PIP,2.45,2,8,1/18/2019,1,8
"Langton, Peter",10428,0,4,1,3,2,3,1,88209,0,27,Sr. DBA,NC,2056,08-12-1979,M ,Widowed,US Citizen,No,Black or African American,03/22/2012,,N/A-StillEmployed,Active,Production       ,Webster Butler,39,Google Search,Needs Improvement,4.36,1,6,2/21/2019,4,2
"Pelletier, Robyn",10429,1,2,1,2,3,2,0,128271,0,11,Director of Sales,NY,2045,03/18/87,M ,Divorced,US Citizen,Yes,White,07/13/2006,,N/A-StillEmployed,Voluntarily Terminated,Production       ,Janet King,2,Employee Referral,Exceeds,2.49,1,1,1/30/2019,0,8
"Hitchcock, Jennifer",10430,0,3,1,4,1,2,1,70902,0,11,Director of Sales,AL,83706,09-09-1965,M ,Separated,US Citizen,No,Black or African American,06/25/2010,,N/A-StillEmployed,Active,Production       ,Ketsia Liebig,19,Website,Fully Meets,3.65,5,6,2/26/2019,5,16
"Evensen, Desiree",10431,0,2,0,3,1,2,0,97067,0,30,Enterprise Architect,TX,2048,06/14/83,F,Divorced,US Citizen,No,White,08/23/2017,,N/A-StillEmployed,Terminated for Cause,Production       ,Janet King,2,Employee Referral,Fully Meets,3.43,4,0,4/20/2015,5,12
"Clukey, Haley",10432,0,2,0,3,1,3,0,120989,0,4,BI Developer,IN,2184,11-05-1978,F,Divorced,US Citizen,No,White,06/27/2017,,Another position,Active,Production       ,Ketsia Liebig,19,Diversity Job Fair,PIP,4.86,2,1,2/22/2019,0,1
"Williams, Hans",10433,0,2,1,1,5,2,0,61668,0,13,IT Manager - Support,VT,2478,11-07-1987,M ,Divorced,US Citizen,No,White,04/27/2007,,N/A-StillEmployed,Active,IT/IS,Michael Albert,30,Indeed,Needs Improvement,3.81,4,10,02-07-2019,1,13
"Robinson, Renee",10434,1,1,0,3,4,2,0,105693,0,4,BI Developer,PA,2125,11/21/72,F,Married,US Citizen,No,American Indian or Alaska Native,11/18/2015,,N/A-StillEmployed,Voluntarily Terminated,Production       ,Amy Dunn,11,On-line Web application,Fully Meets,4.39,2,4,1/30/2016,3,0
"Mangal, Amy",10435,0,1,1,1,6,4,1,147014,0,21,Sales Manager,RI,2149,05/15/87,M ,Married,US Citizen,No,White,11/27/2013,,unhappy,Active,Production       ,Janet King,2,On-line Web application,Exceeds,4.99,4,2,02-04-2019,2,5
"Burkett, Maria",10436,1,3,1,2,6,1,1,106937,0,8,Database Administrator,OH,2128,05/24/79,M ,Separated,US Citizen,No,White,03/31/2016,,attendance,Active,Sales,Brandon R. LeBlanc,1,CareerBuilder,Needs Improvement,4.37,3,10,1/28/2019,0,15
"Langton, Elizabeth",10437,1,4,1,1,1,1,1,43070,1,14,IT Support,IN,1701,01-12-1973,M ,Widowed,US Citizen,No,Asian,07/29/2007,02/24/2009,maternity leave - did not return,Terminated for Cause,Production       ,Brandon R. LeBlanc,1,LinkedIn,Fully Meets,2.9,2,10,01-08-2019,1,0
"Rivera, Michael  J",10438,0,1,0,1,3,4,0,63528,0,23,Shared Services Manager,IN,2066,11/21/72,F,Married,US Citizen,No,Black or African American,02/16/2011,,unhappy,Active,Admin Offices,Kissy Sullivan,20,Website,Needs Improvement,2.44,2,7,1/16/2019,4,12
"Salter, Jane",10439,0,1,1,4,2,2,1,140554,0,22,Senior BI Developer,MA,6033,02-02-1980,M ,Married,US Citizen,No,White,01-11-2009,,N/A-StillEmployed,Active,IT/IS,Board of Directors,9,Indeed,Needs Improvement,4.39,3,0,1/15/2019,4,16
"Wolk, Nina",10440,0,2,1,4,4,3,0,77329,1,24,Software Engineer,NH,2452,06-10-1984,M ,Divorced,US Citizen,No,White,06/19/2013,10/21/2015,N/A-StillEmployed,Voluntarily Terminated,Production       ,Michael Albert,30,CareerBuilder,Exceeds,2.27,4,6,1/28/2019,1,7
"Pearson, Courtney",10441,1,3,0,3,4,4,1,71542,0,13,IT Manager - Support,VA,1886,02/21/74,F,Separated,US Citizen,No,White,11/27/2015,,N/A-StillEmployed,Voluntarily Terminated,Software Engineering,Brandon R. LeBlanc,3,On-line Web application,Fully Meets,4.99,1,9,1/15/2019,0,17
"Maurice, Lauren",10442,1,4,1,4,5,4,1,113532,0,14,IT Support,NY,2478,01/16/67,M ,Widowed,US Citizen,Yes,White,10-06-2009,,N/A-StillEmployed,Active,Production       ,Eric Dougall,6,Website,Fully Meets,4.57,4,2,01-03-2019,4,14
"Dunn, Alain",10443,0,3,1,4,5,3,0,139986,0,5,BI Director,TN,1886,05/16/83,M ,Separated,US Citizen,No,White,12/24/2008,,N/A-StillEmployed,Active,Production       ,Webster Butler,39,LinkedIn,Exceeds,3.47,5,1,01-07-2019,5,11
"Barbara, Lei-Ming",10444,0,0,0,2,5,1,0,56683,1,18,Production Manager,VT,2124,11/15/76,F,Single,US Citizen,No,White,01-12-2019,04/19/2021,N/A-StillEmployed,Active,Software Engineering,Simon Roup,4,On-line Web application,PIP,4.02,3,2,2/15/2019,5,4
"Adinolfi, Thelma",10445,0,2,1,5,3,4,1,97675,0,20,Production Technician II,VA,2128,05/24/53,M ,Divorced,US Citizen,No,White,02-01-2007,,military,Active,Production       ,Kelley Spirea,18,Other,PIP,1.53,5,5,2/25/2019,3,0
"Whittier, Erasumus",10446,0,2,0,1,1,1,0,99560,1,10,Director of Operations,TX,1887,10-02-1969,F,Divorced,US Citizen,No,Two or more races,10/29/2010,12/14/2011,N/A-StillEmployed,Active,Production       ,Amy Dunn,11,CareerBuilder,PIP,4.67,1,3,1/17/2019,2,8
"King, Colby",10447,1,4,1,5,3,1,0,95981,0,27,Sr. DBA,WA,2045,06/14/87,M ,Widowed,US Citizen,No,Asian,07/13/2012,,Fatal attraction,Terminated for Cause,IT/IS,Lynn Daneault,21,Employee Referral,Needs Improvement,3.04,1,4,04-02-2015,5,14
"Anderson, Alfred",10448,0,3,1,5,5,4,0,122576,1,19,Production Technician I,CA,2452,11/21/72,M ,Separated,US Citizen,No,Black or African American,10-07-2009,07/26/2010,N/A-StillEmployed,Voluntarily Terminated,Production       ,Alex Sweetwater,10,Indeed,Exceeds,4.97,1,5,02-08-2019,0,1
"Andreola, Miguel",10449,1,2,0,2,1,3,0,73255,1,30,Enterprise Architect,OH,1844,08-12-1979,F,Divorced,US Citizen,No,White,04-03-2019,11-12-2020,N/A-StillEmployed,Active,Production       ,Amy Dunn,11,On-line Web application,Exceeds,1.42,1,9,2/27/2019,4,1
"Sander, Dianna",10450,0,0,0,1,2,2,1,109222,0,11,Director of Sales,NV,1902,11/25/78,F,Single,US Citizen,No,Black or African American,07/27/2016,,maternity leave - did not return,Active,Production       ,Jennifer Zamora,5,Google Search,Fully Meets,3.8,5,7,02-07-2019,4,20
"Soto, Carol",10451,0,3,1,5,4,4,1,105456,0,24,Software Engineer,ID,2154,02-02-1980,M ,Separated,US Citizen,No,Asian,05/30/2011,,N/A-StillEmployed,Terminated for Cause,IT/IS,Kelley Spirea,18,Diversity Job Fair,Needs Improvement,4.85,1,2,1/31/2019,5,17
"Candie, Myriam",10452,0,4,1,1,3,3,1,43803,1,13,IT Manager - Infra,ND,2451,06/19/61,M ,Widowed,US Citizen,No,White,11/29/2012,01/18/2013,N/A-StillEmployed,Active,Production       ,Brandon R. LeBlanc,3,Website,Exceeds,2.36,5,2,01-07-2019,2,8
"Monterro, Simon",10453,0,1,0,5,2,1,1,123654,1,27,Sr. DBA,NY,1824,04/26/86,F,Married,US Citizen,No,White,11/15/2010,07-09-2011,N/A-StillEmployed,Voluntarily Terminated,Sales,Janet King,2,Other,PIP,4.8,3,2,03-09-2018,0,12
"England, Hannibal",10454,1,1,0,3,5,2,1,46923,0,27,Sr. DBA,NV,2119,08/24/85,F,Married,US Citizen,No,Two or more races,05-06-2006,,N/A-StillEmployed,Terminated for Cause,Production       ,Elijiah Gray,16,Other,PIP,3.31,1,3,01-02-2012,0,0
"Stanford, Trina",10455,1,1,0,5,5,4,1,137030,0,6,CIO,IN,1749,12-08-1983,F,Married,US Citizen,Yes,White,05-12-2015,,N/A-StillEmployed,Active,Production       ,Brandon R. LeBlanc,3,Google Search,Fully Meets,2.78,4,8,1/25/2019,2,20
"Roehrich, Taisha",10456,0,4,0,1,3,3,1,108745,0,1,Accountant I,AL,2048,01/15/68,F,Widowed,US Citizen,No,Two or more races,04-01-2010,,retiring,Active,Production       ,John Smith,17,LinkedIn,Needs Improvement,1.83,4,0,01-03-2019,3,5
"Power, Cayo",10457,0,3,0,4,6,3,1,120167,0,11,Director of Sales,CT,2110,03/31/77,F,Separated,US Citizen,No,Black or African American,10-04-2010,,N/A-StillEmployed,Active,Production       ,Kissy Sullivan,20,Indeed,Fully Meets,3.33,1,4,1/21/2019,0,9
"Roup, Renee",10458,0,2,0,5,3,1,1,112059,0,22,Senior BI Developer,TN,2170,04-06-1985,F,Divorced,US Citizen,No,White,01/27/2010,,N/A-StillEmployed,Active,Production       ,Michael Albert,22,Website,Exceeds,1.61,1,9,03-02-2016,4,19
"Stansfield, Keyser",10459,1,0,1,2,6,1,0,136066,0,7,Data Architect,VA,1886,02-12-1979,M ,Single,US Citizen,No,White,12-09-2010,,N/A-StillEmployed,Active,Production       ,Lynn Daneault,21,On-line Web application,PIP,4.36,4,2,2/13/2019,2,4
"Hutter, Susan",10460,1,4,0,3,2,1,0,119174,0,5,BI Director,MA,6033,05/19/82,F,Widowed,US Citizen,No,White,10-05-2010,,N/A-StillEmployed,Active,Admin Offices,Michael Albert,22,Website,Exceeds,4.83,1,1,1/14/2019,5,16
"O'hare, Desiree",10461,1,0,0,2,5,1,0,122756,1,13,IT Manager - Infra,IN,2067,12/27/88,F,Single,US Citizen,No,White,03/18/2016,02/25/2019,N/A-StillEmployed,Active,Production       ,John Smith,17,Diversity Job Fair,Exceeds,1.82,2,4,2/18/2019,1,0
"Gray, Brian",10462,0,2,1,4,5,2,1,126929,0,22,Senior BI Developer,NC,1013,11-07-1958,M ,Divorced,US Citizen,No,Black or African American,12/26/2010,,N/A-StillEmployed,Voluntarily Terminated,IT/IS,Alex Sweetwater,10,Indeed,Needs Improvement,1.81,2,7,1/15/2019,4,2
"Peterson, Kara",10463,1,3,0,5,1,1,1,83722,1,15,Network Engineer,WA,2093,05-06-1989,F,Separated,US Citizen,No,White,04/15/2010,05/26/2011,N/A-StillEmployed,Active,Production       ,Kissy Sullivan,20,Diversity Job Fair,Exceeds,1.1,1,0,2/24/2016,0,7
"Peterson, Barbara",10464,1,2,1,2,4,2,1,112144,0,20,Production Technician II,NH,1775,11/25/87,M ,Divorced,US Citizen,No,White,09-08-2012,,N/A-StillEmployed,Active,Production       ,Brian Champaigne,13,Employee Referral,Exceeds,3.21,2,6,01-07-2012,0,9
"Givens, Jennifer",10465,0,4,0,1,1,2,1,113760,0,17,Production Manager,VA,2176,06/30/89,F,Widowed,US Citizen,No,American Indian or Alaska Native,10/20/2007,,N/A-StillEmployed,Active,Production       ,Brian Champaigne,13,LinkedIn,Fully Meets,4.84,5,10,2/22/2019,2,14
"Salter, Carol",10466,0,1,0,5,3,4,0,135988,0,22,Senior BI Developer,TX,1730,09/21/90,F,Married,US Citizen,No,White,07/31/2012,,N/A-StillEmployed,Active,Production       ,Amy Dunn,11,Diversity Job Fair,PIP,4.19,4,1,1/30/2019,5,6
"Foss, Luisa",10467,1,2,1,1,2,3,1,116084,0,13,IT Manager - Support,KY,2066,05/31/88,M ,Divorced,US Citizen,No,White,08/28/2015,,N/A-StillEmployed,Active,Sales,Kissy Sullivan,20,Employee Referral,Exceeds,3.72,4,3,2/15/2017,2,4
"Villanueva, Jennifer",10468,0,4,0,5,1,2,1,83319,0,23,Shared Services Manager,CT,1876,01/28/91,F,Widowed,US Citizen,No,Black or African American,05/14/2007,,N/A-StillEmployed,Active,Sales,Brian Champaigne,13,Diversity Job Fair,PIP,1.75,3,3,02-04-2016,4,18
"Maurice, James",10469,1,4,1,2,5,2,1,43202,0,26,Sr. Accountant,TX,1760,03-06-1988,M ,Widowed,US Citizen,No,White,11/17/2012,,Another position,Voluntarily Terminated,Sales,Eric Dougall,6,CareerBuilder,Fully Meets,2.66,4,10,1/21/2019,0,12
"Foreman, Kristen",10470,1,0,1,5,6,4,1,94013,1,18,Production Manager,PA,2458,05/15/63,M ,Single,Non-Citizen,Yes,White,05/16/2010,01/15/2012,Another position,Active,Production       ,Brian Champaigne,13,Indeed,Exceeds,5,1,2,5/13/2014,4,7
"Bugali, Enola",10471,0,2,0,3,1,2,0,43752,1,13,IT Manager - Support,UT,2493,11/23/81,F,Divorced,Eligible NonCitizen,No,White,05/26/2010,09/22/2012,N/A-StillEmployed,Active,Production       ,Brandon R. LeBlanc,1,Website,Needs Improvement,4.37,5,8,2/18/2019,0,10
"Erilus, Bartholemew",10472,1,2,1,5,4,2,0,76387,1,21,Sales Manager,TX,2703,02-09-1983,M ,Divorced,US Citizen,No,Black or African American,09/24/2007,12/21/2009,N/A-StillEmployed,Active,Production       ,Brannon Miller,12,LinkedIn,Fully Meets,3.85,5,5,1/14/2019,2,8
"Langford, Phylicia",10473,0,0,0,2,5,2,0,96425,1,10,Director of Operations,VT,2472,04-05-1987,F,Single,US Citizen,Yes,Black or African American,04/27/2012,05/27/2012,Another position,Active,IT/IS,Elijiah Gray,16,On-line Web application,Needs Improvement,2.64,3,6,02-04-2019,1,1
"Shepard, May",10474,1,0,1,3,3,3,0,127105,0,9,Data Analyst,OH,2703,07-05-1980,M ,Single,US Citizen,No,White,02/24/2013,,N/A-StillEmployed,Voluntarily Terminated,Production       ,Brannon Miller,12,Employee Referral,Exceeds,1.75,2,7,8/16/2015,5,20
"Oliver, Jason",10475,1,2,0,2,6,3,1,133980,0,25,Software Engineering Manager,NH,1844,07-05-1980,F,Divorced,US Citizen,No,Black or African American,02/16/2017,,N/A-StillEmployed,Active,Production       ,John Smith,17,Website,PIP,1.99,2,9,1/21/2019,1,14
"Carthy, Max",10476,0,0,1,1,3,3,0,120267,0,18,Production Manager,AL,90007,11/22/77,M ,Single,US Citizen,No,Asian,12/30/2008,,N/A-StillEmployed,Active,Production       ,Jennifer Zamora,5,Google Search,Needs Improvement,2.66,2,1,01-02-2019,2,20
"Blount, Lisa",10477,1,0,1,5,4,2,1,95076,0,27,Sr. DBA,FL,2324,11-08-1983,M ,Single,US Citizen,Yes,White,03-04-2012,,N/A-StillEmployed,Voluntarily Terminated,IT/IS,Simon Roup,4,LinkedIn,Fully Meets,1.97,3,4,2/14/2019,1,8
"Voldemort, Adeel",10478,0,0,0,1,5,3,0,44304,0,14,IT Support,ME,2169,07-08-1981,F,Single,US Citizen,No,Black or African American,05-06-2010,,N/A-StillEmployed,Active,Production       ,Amy Dunn,11,Google Search,Needs Improvement,4.49,1,3,1/17/2019,2,20
"Robinson, Jackie",10479,1,0,0,4,1,1,0,81179,0,7,Data Architect,OH,2184,09/22/76,F,Single,US Citizen,No,White,03/22/2016,,N/A-StillEmployed,Voluntarily Terminated,Production       ,Brian Champaigne,13,Google Search,Needs Improvement,4.7,3,10,02-10-2013,0,17
"Smith, Calvin",10480,0,3,0,1,3,3,0,109091,0,26,Sr. Accountant,ME,2169,03/17/88,F,Separated,US Citizen,Yes,White,05/22/2011,,attendance,Active,Production       ,Board of Directors,9,Indeed,PIP,3.37,4,4,03-04-2013,0,9
"Chace, Bianca",10481,0,4,0,5,2,4,1,142416,0,19,Production Technician I,VA,1550,05-11-1990,F,Widowed,US Citizen,Yes,Black or African American,09/22/2010,,N/A-StillEmployed,Voluntarily Terminated,Production       ,Board of Directors,9,On-line Web application,Exceeds,4.87,1,6,04-02-2015,4,9
"Perry, Claudia  N",10482,1,1,0,4,4,2,1,137108,0,20,Production Technician II,IN,2110,02-08-1970,F,Married,US Citizen,No,White,08-11-2015,,N/A-StillEmployed,Active,IT/IS,John Smith,17,Employee Referral,PIP,3.89,4,9,2/14/2018,4,1
"Sewkumar, Enola",10483,1,3,1,3,4,2,0,117386,1,30,Enterprise Architect,ND,2048,01/19/76,M ,Separated,US Citizen,No,White,10-05-2018,05-08-2021,N/A-StillEmployed,Active,IT/IS,Elijiah Gray,16,Other,Fully Meets,1.31,3,1,1/27/2019,4,2
"Nowlan, Lisa",10484,1,2,0,1,4,1,1,126294,1,29,Principal Data Architect,UT,83706,12/17/87,F,Divorced,US Citizen,No,White,08-08-2010,04-06-2012,N/A-StillEmployed,Active,Production       ,David Stanley,14,Other,Exceeds,1.69,1,7,1/30/2016,5,3
"Johnson, Timothy",10485,0,1,0,5,4,2,0,142742,0,28,Sr. Network Engineer,FL,2138,05/23/91,F,Married,US Citizen,No,White,12-10-2017,,attendance,Active,Production       ,Simon Roup,4,Website,PIP,1.88,2,0,1/19/2019,5,9
"Foreman, Estelle",10486,0,0,0,2,5,1,0,102179,0,5,BI Director,AL,1845,09-04-1983,F,Single,US Citizen,Yes,Black or African American,09/29/2008,,N/A-StillEmployed,Voluntarily Terminated,Production       ,Debra Houlihan,15,Website,PIP,3.42,2,7,1/17/2019,1,8
"Sloan, May",10487,0,3,1,4,1,2,0,82807,0,1,Accountant I,OH,1915,06-05-1967,M ,Separated,Non-Citizen,No,Asian,11-09-2008,,N/A-StillEmployed,Active,IT/IS,Debra Houlihan,15,Indeed,Fully Meets,1.23,2,8,01-04-2019,5,11
"Stansfield, Caroline",10488,1,3,0,3,1,2,0,46154,0,1,Accountant I,TX,2747,05/31/74,F,Separated,US Citizen,Yes,Black or African American,06-03-2014,,N/A-StillEmployed,Active,Production       ,Jennifer Zamora,5,Google Search,Exceeds,3.34,1,6,1/17/2019,5,18
"Saar-Beckles, Brian",10489,1,2,0,4,2,4,1,120288,0,13,IT Manager - Support,VT,2143,03/17/66,F,Divorced,US Citizen,No,Black or African American,01/23/2019,,hours,Active,Production       ,Simon Roup,4,Other,Fully Meets,2.8,4,3,1/28/2019,1,12
"Lindsay, B'rigit",10490,1,1,1,4,5,4,1,102659,1,13,IT Manager - Infra,FL,1886,08/17/78,M ,Married,US Citizen,No,White,12-05-2006,12/15/2007,N/A-StillEmployed,Active,Production       ,Webster Butler,39,Other,Fully Meets,1.79,4,1,2/15/2019,1,10
"Carr, Jennifer",10491,0,2,0,4,4,2,1,63641,1,13,IT Manager - Infra,VA,37129,05-09-1977,F,Divorced,Eligible NonCitizen,No,White,09/21/2008,08/25/2009,N/A-StillEmployed,Active,Production       ,Eric Dougall,6,LinkedIn,Exceeds,3.01,2,10,02-01-2019,4,12
"Zima, Scott",10492,0,0,1,5,4,2,1,63069,0,22,Senior BI Developer,AL,2134,05/14/87,M ,Single,US Citizen,No,White,12/23/2018,,medical issues,Active,Sales,Ketsia Liebig,19,Website,Needs Improvement,1.41,5,6,1/20/2015,2,17
"LaRotonda, Brad",10493,0,4,1,5,2,3,1,66037,1,12,IT Director,NV,2044,06/14/83,M ,Widowed,US Citizen,No,White,08/17/2011,02/14/2012,N/A-StillEmployed,Active,IT/IS,Kelley Spirea,18,LinkedIn,Needs Improvement,1.36,4,5,02-01-2019,2,20
"Roberson, Christie",10494,1,3,0,4,4,2,1,107962,1,28,Sr. Network Engineer,OR,2066,05-11-1985,F,Separated,US Citizen,No,White,08/13/2016,05-12-2017,N/A-StillEmployed,Voluntarily Terminated,Production       ,David Stanley,14,Diversity Job Fair,Fully Meets,2.41,3,10,02-01-2016,4,0
"Becker, Enola",10495,0,4,1,2,4,1,1,137365,0,25,Software Engineering Manager,WA,1915,02/16/84,M ,Widowed,US Citizen,No,Black or African American,06/28/2012,,N/A-StillEmployed,Active,Production       ,Kelley Spirea,18,Google Search,Fully Meets,1.33,1,6,1/31/2019,3,14
"Fraval, Ned",10496,1,3,1,2,2,2,0,86965,0,20,Production Technician II,GA,1803,10-10-1968,M ,Separated,US Citizen,No,White,09/29/2014,,N/A-StillEmployed,Active,Production       ,Board of Directors,9,CareerBuilder,Needs Improvement,2.96,4,5,01-10-2013,3,19
"LaRotonda, Susan",10497,0,4,1,3,6,2,1,103333,0,2,Administrative Assistant,NH,2110,10/22/75,M ,Widowed,US Citizen,No,Black or African American,03/15/2010,,Another position,Active,Production       ,David Stanley,14,Indeed,Exceeds,2.53,3,5,1/16/2019,3,15
"Linden, Phil",10498,0,0,1,5,1,2,1,53627,1,21,Sales Manager,AZ,1886,01-07-1974,M ,Single,US Citizen,No,Black or African American,04-02-2016,08/31/2018,unhappy,Active,Production       ,Brandon R. LeBlanc,3,Other,PIP,1.94,4,7,2/15/2012,4,18
"Motlagh, Maggie",10499,0,0,0,2,3,3,0,131877,0,14,IT Support,AZ,2138,09-01-1989,F,Single,US Citizen,No,Black or African American,03/23/2011,,N/A-StillEmployed,Active,Production       ,Peter Monroe,7,LinkedIn,Exceeds,3.54,3,3,2/24/2016,4,5
"Cady, Earnest",10500,1,4,1,1,3,2,1,44031,0,18,Production Manager,KY,97756,09-11-1972,M ,Widowed,US Citizen,No,White,11-05-2010,,N/A-StillEmployed,Active,IT/IS,Eric Dougall,6,Diversity Job Fair,Exceeds,2.07,3,7,1/30/2019,3,0
"Roberson, Angela",10501,1,1,1,1,4,1,1,81379,0,6,CIO,TN,2170,01/19/76,M ,Married,US Citizen,Yes,White,11/28/2012,,N/A-StillEmployed,Voluntarily Terminated,Production       ,Brandon R. LeBlanc,3,On-line Web application,PIP,4.44,3,4,02-01-2019,4,0
"Szabo, Brooke",10502,1,1,0,5,6,3,0,76778,1,13,IT Manager - Infra,AL,1810,11/25/87,F,Married,US Citizen,No,Black or African American,02/23/2008,09/29/2009,N/A-StillEmployed,Active,Sales,Elijiah Gray,16,Employee Referral,Exceeds,1.84,1,10,2/15/2017,0,16
"Carr, Sophia",10503,0,0,0,1,2,1,1,65510,0,13,IT Manager - Infra,ID,2458,05-09-1965,F,Single,US Citizen,No,White,01/15/2018,,Another position,Active,Production       ,Brannon Miller,12,On-line Web application,Needs Improvement,2.41,1,5,01-08-2019,2,5
"Langton, Richard",10504,0,1,0,1,6,1,0,66042,0,15,Network Engineer,MT,2763,11-07-1986,F,Married,US Citizen,No,White,11-09-2017,,Another position,Active,Production       ,Board of Directors,9,Google Search,PIP,1.99,3,3,01-03-2019,2,11
"Purinton, Susan",10505,1,3,0,3,4,2,0,145081,0,13,IT Manager - Support,GA,1770,06/14/87,F,Separated,US Citizen,No,Black or African American,11-07-2011,,Another position,Active,IT/IS,Kelley Spirea,18,Website,Needs Improvement,2.4,2,10,1/25/2019,2,0
"Gilles, Lynn",10506,0,2,1,2,3,1,1,73935,0,11,Director of Sales,CA,2067,04/16/81,M ,Divorced,US Citizen,No,White,04-04-2008,,return to school,Voluntarily Terminated,Production       ,Kelley Spirea,18,LinkedIn,Needs Improvement,4.52,2,9,03-05-2012,0,12
"Tannen, Ermine",10507,0,0,0,4,4,4,1,146773,1,23,Shared Services Manager,VA,2451,01-07-1974,F,Single,US Citizen,No,White,02/25/2018,04-02-2019,N/A-StillEmployed,Active,Sales,John Smith,17,Indeed,Fully Meets,3.49,2,0,01-05-2014,0,17
"Latif, Sneha",10508,1,3,1,1,4,4,1,135562,0,4,BI Developer,NH,2453,09/22/70,M ,Separated,US Citizen,No,White,03/19/2012,,career change,Voluntarily Terminated,Admin Offices,Amy Dunn,11,Other,PIP,1.27,2,6,01-08-2019,3,3
"MacLennan, Kristen",10509,1,3,0,3,4,1,1,115876,1,7,Data Architect,OR,2453,08-10-1988,F,Separated,US Citizen,Yes,Black or African American,03/16/2012,03-10-2014,hours,Active,Production       ,Amy Dunn,11,CareerBuilder,Fully Meets,3.82,2,10,2/15/2019,0,19
"Carabbio, John",10510,1,1,1,5,4,2,1,87841,1,2,Administrative Assistant,KY,84111,06/19/61,M ,Married,US Citizen,No,White,05-08-2015,09-01-2016,"no-call, no-show",Active,Production       ,Board of Directors,9,Google Search,Exceeds,1.3,4,8,1/25/2019,0,8
"Nowlan, Marilyn",10511,0,2,0,5,1,3,0,48703,0,13,IT Manager - Infra,CT,2170,07-01-1984,F,Divorced,US Citizen,No,White,08-08-2011,,unhappy,Active,Production       ,Brandon R. LeBlanc,1,Other,PIP,3.96,4,6,1/20/2015,1,14
"Good, Freddy",10512,1,4,0,5,6,4,0,101524,0,21,Sales Manager,KY,2171,07-01-1984,F,Widowed,US Citizen,No,White,08-04-2008,,N/A-StillEmployed,Terminated for Cause,Sales,David Stanley,14,CareerBuilder,Exceeds,1.43,2,3,03-06-2016,1,9
"MacLennan, Lisa",10513,0,3,0,5,1,1,1,77765,0,29,Principal Data Architect,NC,2148,06-10-1984,F,Separated,US Citizen,yes,White,10/31/2009,,N/A-StillEmployed,Voluntarily Terminated,Production       ,Board of Directors,9,On-line Web application,Exceeds,1.69,3,10,4/15/2015,4,10
"Biden, Scott",10514,1,3,1,4,4,3,1,138763,0,5,BI Director,IN,1760,11-07-1987,M ,Separated,US Citizen,No,White,03/26/2012,,career change,Active,Production       ,Simon Roup,4,Google Search,Exceeds,1.39,3,6,2/19/2019,5,4
"Sullivan, Courtney",10515,1,0,0,3,4,1,0,50673,0,26,Sr. Accountant,VT,1460,11-06-1986,F,Single,US Citizen,No,Black or African American,12/17/2010,,unhappy,Active,Production       ,Board of Directors,9,Employee Referral,Exceeds,3.49,2,1,1/27/2019,1,17
"Robinson, Lauren",10516,1,1,0,1,5,4,0,59154,0,9,Data Analyst ,ID,2210,03/26/81,F,Married,Eligible NonCitizen,No,American Indian or Alaska Native,01-10-2011,,N/A-StillEmployed,Voluntarily Terminated,Production       ,Brannon Miller,12,Google Search,Needs Improvement,3.9,2,9,2/15/2019,5,16
"Close, Mohammed",10517,1,3,0,1,4,4,0,40090,0,30,Enterprise Architect,TX,1420,08/30/79,F,Separated,Non-Citizen,Yes,White,12/15/2016,,N/A-StillEmployed,Active,IT/IS,Janet King,2,LinkedIn,Exceeds,3.09,3,10,01-11-2019,4,17
"Monkfish, Roger",10518,1,4,1,1,1,2,0,141668,0,9,Data Analyst ,CT,78789,08/15/68,M ,Widowed,US Citizen,No,American Indian or Alaska Native,11/22/2013,,N/A-StillEmployed,Voluntarily Terminated,Sales,Elijiah Gray,16,CareerBuilder,Fully Meets,1.94,5,7,07-02-2012,2,6
"Houlihan, April",10519,1,2,0,2,2,3,1,134801,1,5,BI Director,UT,2148,10-12-1964,F,Divorced,US Citizen,No,Black or African American,06/19/2014,07/31/2014,N/A-StillEmployed,Active,Production       ,Board of Directors,9,LinkedIn,Exceeds,1.88,3,10,1/17/2019,1,5
"Voldemort, Alain",10520,1,0,0,1,1,4,0,100285,0,9,Data Analyst ,OH,1040,09/16/85,F,Single,US Citizen,Yes,White,05/28/2012,,N/A-StillEmployed,Active,Production       ,Ketsia Liebig,19,LinkedIn,Fully Meets,4.78,4,10,1/14/2019,3,6
"Ruiz, Hector",10521,1,3,0,2,2,2,1,138552,0,8,Database Administrator,IN,1844,05-12-1989,F,Separated,US Citizen,No,Asian,08-06-2009,,N/A-StillEmployed,Active,Production       ,Amy Dunn,11,Google Search,Exceeds,2.79,4,0,05-02-2015,1,16
"Mckenna, Maryellen",10522,0,4,0,5,2,2,0,86846,0,15,Network Engineer,FL,2134,07-07-1984,F,Widowed,US Citizen,No,White,06/23/2010,,N/A-StillEmployed,Active,IT/IS,David Stanley,14,Website,Exceeds,3.28,4,7,02-04-2019,0,20
"Bernstein, Kurt",10523,1,4,1,4,6,4,1,145035,1,12,IT Director,NC,2703,05/14/87,M ,Widowed,US Citizen,No,White,12/17/2015,11-01-2016,N/A-StillEmployed,Voluntarily Terminated,Production       ,Brannon Miller,12,Employee Referral,Exceeds,3.99,5,1,5/13/2014,4,20
"Guilianno, Charlie",10524,0,4,0,4,3,4,1,67931,0,26,Sr. Accountant,PA,2081,03-02-1980,F,Widowed,US Citizen,No,White,05/25/2011,,N/A-StillEmployed,Active,Production       ,Peter Monroe,7,Employee Referral,Fully Meets,4.66,4,4,1/15/2017,3,12
"Evensen, Kenneth",10525,1,4,0,2,6,1,1,65680,0,18,Production Manager,NH,2343,02-11-1970,F,Widowed,US Citizen,No,White,01/18/2019,,N/A-StillEmployed,Voluntarily Terminated,IT/IS,Eric Dougall,6,Diversity Job Fair,PIP,1.17,4,2,1/30/2016,5,16
"Carthy, Nori",10526,1,4,1,3,5,4,1,116837,0,26,Sr. Accountant,WA,1821,09/22/76,M ,Widowed,US Citizen,No,Black or African American,02-01-2015,,N/A-StillEmployed,Active,Production       ,Brandon R. LeBlanc,3,Diversity Job Fair,PIP,1.79,1,8,2/18/2019,5,2
"Chace, Allison",10527,0,4,0,2,5,2,1,91323,1,22,Senior BI Developer,WA,1730,08/17/78,F,Widowed,US Citizen,No,Asian,10-02-2016,11/29/2018,N/A-StillEmployed,Active,Production       ,Lynn Daneault,21,CareerBuilder,PIP,1.48,4,2,2/26/2019,5,19
"Clayton, Colby",10528,1,0,0,4,2,3,0,61753,0,12,IT Director,NH,2134,04-03-1975,F,Single,US Citizen,No,White,12/27/2013,,N/A-StillEmployed,Active,Production       ,Brandon R. LeBlanc,3,CareerBuilder,Needs Improvement,3.73,4,7,03-05-2012,0,13
"Wolk, Jack",10529,1,2,1,4,6,2,1,74871,1,22,Senior BI Developer,FL,2133,05/24/87,M ,Divorced,US Citizen,No,Two or more races,07/28/2008,08/20/2010,unhappy,Active,Production       ,Alex Sweetwater,10,On-line Web application,PIP,4.51,4,8,02-11-2019,4,16
"Harrington, Bonalyn",10530,0,4,0,5,2,4,1,87024,0,2,Administrative Assistant,MA,2062,03/16/81,F,Widowed,US Citizen,Yes,Two or more races,12/29/2004,,hours,Active,Production       ,Kelley Spirea,18,Google Search,Needs Improvement,2.93,5,6,01-07-2019,2,6
"Volk, James",10531,0,2,0,1,1,4,0,79849,0,26,Sr. Accountant,NC,2180,09-05-1984,F,Divorced,US Citizen,No,White,04-05-2013,,N/A-StillEmployed,Active,Production       ,Brandon R. LeBlanc,3,Indeed,Exceeds,4.84,3,10,2/27/2019,5,4
"Boutwell, Kurt",10532,1,4,1,3,5,1,0,41254,1,23,Software Engineer,CA,1778,05/21/83,M ,Widowed,US Citizen,No,White,01/25/2017,10/14/2018,N/A-StillEmployed,Active,Production       ,Janet King,2,Google Search,Fully Meets,1,5,7,2/27/2019,2,3
"Jhaveri, Courtney",10533,0,3,0,4,6,1,1,72052,0,24,Software Engineer,FL,1938,03/26/73,F,Separated,US Citizen,No,White,10/28/2009,,N/A-StillEmployed,Active,Production       ,John Smith,17,Diversity Job Fair,Needs Improvement,2.05,4,6,02-02-2015,2,11
"Bondwell, Rex",10534,0,2,1,5,5,1,0,140425,1,19,Production Technician I,FL,2452,03/28/83,M ,Divorced,US Citizen,No,White,02/13/2020,11/13/2022,N/A-StillEmployed,Active,Production       ,Eric Dougall,6,Website,Fully Meets,2.07,3,9,2/22/2019,5,5
"Liebig, Nori",10535,1,4,0,2,3,2,0,70254,0,13,IT Manager - Infra,NC,2122,03/16/81,F,Widowed,US Citizen,No,White,04-04-2011,,N/A-StillEmployed,Voluntarily Terminated,Executive Office,David Stanley,14,Diversity Job Fair,Fully Meets,1.78,4,2,02-11-2019,5,17
"Sewkumar, Elijiah",10536,0,0,0,1,4,2,0,123544,0,21,Sales Manager,NH,2129,03/18/87,F,Single,US Citizen,No,Two or more races,10/24/2017,,N/A-StillEmployed,Active,IT/IS,Board of Directors,9,Google Search,Fully Meets,2.97,1,4,2/13/2018,3,12
"Heitzman, Binh",10537,1,2,1,3,6,2,0,68764,0,18,Production Manager,MT,1770,08/25/82,M ,Divorced,US Citizen,No,American Indian or Alaska Native,12/24/2013,,N/A-StillEmployed,Active,Production       ,Kelley Spirea,18,On-line Web application,PIP,3.38,2,4,02-01-2019,1,7
"Zamora, Jene'ya",10538,1,4,0,3,3,1,1,72485,0,3,Area Sales Manager,TN,1844,07-07-1984,F,Widowed,US Citizen,No,White,07/30/2009,,N/A-StillEmployed,Active,Production       ,Brandon R. LeBlanc,1,On-line Web application,Fully Meets,2.06,5,7,2/15/2019,3,5
"Darson, Giovanni",10539,1,0,1,5,5,2,1,148814,0,13,IT Manager - Infra,WA,2330,07-07-1984,M ,Single,US Citizen,No,White,03/24/2007,,career change,Active,Production       ,Ketsia Liebig,19,On-line Web application,PIP,2.04,3,0,2/18/2019,1,12
"Smith, Kristie",10540,0,2,0,1,1,4,0,127160,1,13,IT Manager - Support,OH,2128,01/31/87,F,Divorced,US Citizen,No,White,10-12-2011,09-02-2012,N/A-StillEmployed,Voluntarily Terminated,Sales,Simon Roup,4,On-line Web application,PIP,2.55,4,8,05-06-2015,4,18
"Stanford, Randy",10541,0,0,1,5,6,2,0,102321,1,3,Area Sales Manager,VT,2169,03-12-1973,M ,Single,US Citizen,No,White,12-05-2010,10/24/2011,N/A-StillEmployed,Voluntarily Terminated,Production       ,David Stanley,14,Google Search,PIP,3.24,2,0,1/21/2019,0,9
"Barton, Cherly",10542,1,2,0,4,2,1,0,45818,0,26,Sr. Accountant,TX,2072,12/31/84,F,Divorced,US Citizen,No,White,11-02-2008,,N/A-StillEmployed,Active,IT/IS,Board of Directors,9,LinkedIn,Needs Improvement,4.13,2,8,03-06-2011,3,11
"Billis, Colleen",10543,1,3,1,5,3,2,1,71275,1,28,Sr. Network Engineer,VA,2176,07-10-1983,M ,Separated,US Citizen,No,Black or African American,04/29/2008,10/15/2010,N/A-StillEmployed,Active,IT/IS,Lynn Daneault,21,Employee Referral,Fully Meets,4.29,3,8,02-11-2019,4,16
"Winthrop, Jennifer",10544,1,1,0,5,1,2,1,51312,0,9,Data Analyst,OH,1776,07-11-1981,F,Married,US Citizen,No,White,04/21/2009,,N/A-StillEmployed,Active,Production       ,Brannon Miller,12,Employee Referral,Fully Meets,4.28,4,4,02-04-2019,0,9
"Fitzpatrick, Josephine",10545,0,3,0,4,5,2,1,43519,1,30,Enterprise Architect,CT,2056,07/30/64,F,Separated,US Citizen,No,Two or more races,11-10-2016,01/22/2019,N/A-StillEmployed,Active,Production       ,Janet King,2,LinkedIn,Fully Meets,2.7,5,7,1/25/2019,3,19
"Sparks, Mildred",10546,0,3,1,1,2,4,0,46092,0,6,CIO,VT,2027,05-12-1980,M ,Separated,US Citizen,No,White,10-05-2011,,N/A-StillEmployed,Active,Production       ,Simon Roup,4,Indeed,PIP,4.45,4,8,02-11-2019,5,1
"Ait Sidi, Travis",10547,0,3,1,4,3,3,1,99502,0,21,Sales Manager,ID,2030,10/30/63,M ,Separated,US Citizen,No,White,07-11-2015,,N/A-StillEmployed,Active,IT/IS,Debra Houlihan,15,Indeed,PIP,3.2,1,8,2/13/2018,2,1
"Lunquist, Nan",10548,0,0,1,5,3,2,0,127292,0,12,IT Director,TX,2171,08-02-1980,M ,Single,US Citizen,No,White,09-08-2015,,N/A-StillEmployed,Active,Software Engineering,Brannon Miller,12,LinkedIn,Exceeds,1.94,4,0,4/19/2014,0,20
"Gray, Christie",10549,0,3,0,5,1,2,0,83451,0,29,Principal Data Architect,TX,1902,04-08-1977,F,Separated,US Citizen,No,White,03-10-2012,,N/A-StillEmployed,Active,Production       ,Alex Sweetwater,10,On-line Web application,Needs Improvement,3.14,1,8,1/17/2019,2,4
"Simard, Sean",10550,1,4,1,2,4,4,0,51896,0,20,Production Technician II,CT,1915,04/16/79,M ,Widowed,US Citizen,No,White,11-02-2012,,more money,Voluntarily Terminated,IT/IS,Brannon Miller,12,Google Search,PIP,4.2,4,8,3/30/2015,1,17
"Beak, Kristie",10551,1,0,1,5,4,3,0,114019,0,4,BI Developer,PA,2134,05/21/79,M ,Single,US Citizen,No,White,07/16/2006,,Another position,Active,Sales,Alex Sweetwater,10,LinkedIn,Fully Meets,3.03,5,4,02-10-2013,2,11
"Anderson, Dallas",10552,0,4,0,2,6,1,0,104574,0,30,Enterprise Architect,IN,2138,10-08-1970,F,Widowed,US Citizen,No,Black or African American,09-10-2010,,performance,Active,Production       ,Kissy Sullivan,20,Google Search,Needs Improvement,4.04,3,2,4/15/2015,2,17
"Hudson, Lauren",10553,1,3,1,2,4,1,1,65253,0,30,Enterprise Architect,IN,2030,10/24/87,M ,Separated,US Citizen,No,White,12-07-2005,,more money,Active,Production       ,Elijiah Gray,16,Employee Referral,Exceeds,2.46,4,2,2/18/2019,3,0
"Jeannite, Tanya",10554,1,2,1,1,3,2,1,108261,1,12,IT Director,NH,2130,06-10-1984,M ,Divorced,US Citizen,No,White,06/17/2013,07/30/2014,N/A-StillEmployed,Voluntarily Terminated,Production       ,David Stanley,14,Indeed,Exceeds,3.49,5,10,03-06-2016,3,13
"Wallace, Alex",10555,1,0,1,2,5,4,0,47572,1,22,Senior BI Developer,FL,2134,05-09-1977,M ,Single,US Citizen,No,White,08-06-2013,10-01-2013,unhappy,Active,Production       ,Board of Directors,9,Diversity Job Fair,Fully Meets,3.58,4,5,2/22/2019,3,3
"Nguyen, Katie",10556,1,0,0,2,2,4,1,63478,1,10,Director of Operations,CA,2155,02/25/51,F,Single,US Citizen,No,Asian,06/19/2011,12-03-2012,return to school,Active,Production       ,Michael Albert,30,On-line Web application,Fully Meets,1.1,3,7,02-12-2019,5,16
"Faller, Kristen",10557,0,0,1,5,2,4,1,63128,1,6,CIO,NV,2138,06/14/83,M ,Single,Eligible NonCitizen,No,White,12/14/2011,05-10-2014,N/A-StillEmployed,Active,Production       ,Alex Sweetwater,10,CareerBuilder,Exceeds,1.69,2,6,2/15/2015,4,5
"Andreola, Susan",10558,1,0,0,4,1,3,1,59666,0,8,Database Administrator,CO,2148,08-09-1983,F,Single,US Citizen,No,Black or African American,09-10-2009,,N/A-StillEmployed,Active,IT/IS,Brian Champaigne,13,On-line Web application,Fully Meets,3.99,2,1,1/21/2019,1,11
"Linares, Anton",10559,0,3,1,2,6,3,0,90914,0,20,Production Technician II,NV,2149,03-10-1975,M ,Separated,US Citizen,No,Black or African American,03-07-2010,,unhappy,Active,Production       ,Board of Directors,9,Website,Fully Meets,4.94,5,8,02-12-2019,0,7
"Erilus, Anthony",10560,0,1,0,2,5,3,0,82089,1,12,IT Director,VT,1775,07-06-1968,F,Married,US Citizen,No,Two or more races,01/24/2015,01-01-2018,N/A-StillEmployed,Active,Executive Office,Michael Albert,22,On-line Web application,Fully Meets,1.14,1,1,1/31/2019,5,10
"Bernstein, Martin",10561,1,4,0,2,3,3,0,91534,0,28,Sr. Network Engineer,OH,2149,05-04-1982,F,Widowed,US Citizen,No,White,05-06-2010,,N/A-StillEmployed,Active,Production       ,David Stanley,14,On-line Web application,Fully Meets,3.15,4,2,2/14/2019,2,15
"Rarrick, Horia",10562,0,3,0,4,2,4,0,129145,1,4,BI Developer,ND,2135,01/18/52,F,Separated,US Citizen,No,Black or African American,04-12-2016,09-01-2017,N/A-StillEmployed,Voluntarily Terminated,Production       ,Debra Houlihan,15,Diversity Job Fair,PIP,4.61,3,8,04-09-2017,2,13
"Villanueva, Rick",10563,0,3,0,1,3,1,1,80204,0,4,BI Developer,AL,2145,02/16/84,F,Separated,US Citizen,No,White,07/24/2015,,N/A-StillEmployed,Active,Sales,Brannon Miller,12,LinkedIn,Needs Improvement,1.67,4,5,10/22/2011,1,5
"Fett, Brannon",10564,1,4,1,1,3,2,1,109435,1,29,Principal Data Architect,NH,1886,09/14/88,M ,Widowed,US Citizen,No,Black or African American,05/15/2017,09-02-2018,unhappy,Active,Admin Offices,Ketsia Liebig,19,Google Search,Exceeds,4.61,4,10,1/14/2019,5,9
"Booth, Amon",10565,1,1,1,3,1,2,1,106794,1,4,BI Developer,MA,59102,10/27/70,M ,Married,US Citizen,No,Black or African American,01-04-2009,12/22/2011,N/A-StillEmployed,Active,Production       ,Brandon R. LeBlanc,1,Website,Exceeds,1.92,2,9,2/18/2019,1,0
"Bates, Randall",10566,0,4,1,5,6,1,1,144439,0,29,Principal Data Architect,IN,2493,03-12-1973,M ,Widowed,US Citizen,No,Black or African American,11/30/2014,,N/A-StillEmployed,Active,Production       ,Webster Butler,39,Diversity Job Fair,Needs Improvement,4.46,2,6,2/25/2019,4,19
"Miller, Taylor",10567,0,2,0,4,2,3,1,87930,1,2,Administrative Assistant,NY,2324,11/23/81,F,Divorced,US Citizen,No,White,12/17/2008,01-09-2010,Another position,Active,IT/IS,John Smith,17,Employee Referral,Exceeds,1.55,4,10,2/18/2019,3,8
"Fitzpatrick, Enrico",10568,0,3,1,5,6,3,1,113947,0,7,Data Architect,NY,2301,02/20/79,M ,Separated,US Citizen,No,American Indian or Alaska Native,04/24/2008,,N/A-StillEmployed,Active,Production       ,Webster Butler,39,Other,Needs Improvement,3.98,5,5,2/14/2018,5,7
"Liebig, Tanya",10569,0,3,1,2,2,1,0,130919,0,4,BI Developer,NY,33174,08/16/84,M ,Separated,US Citizen,No,Black or African American,09-06-2012,,N/A-StillEmployed,Active,Production       ,Simon Roup,4,Other,Exceeds,1.9,4,2,03-02-2015,3,7
"Gill, Daniel",10570,0,1,0,4,5,3,0,141935,0,17,Production Manager,ND,1545,12-09-1986,F,Married,US Citizen,No,White,07/21/2015,,N/A-StillEmployed,Voluntarily Terminated,Sales,Brandon R. LeBlanc,3,CareerBuilder,PIP,3.12,4,5,01-05-2014,1,8
"Morway, Helen",10571,0,0,1,5,4,2,1,71794,1,8,Database Administrator,NY,2189,12-09-1986,M ,Single,US Citizen,No,Black or African American,03/15/2013,12/31/2015,N/A-StillEmployed,Active,Production       ,Brian Champaigne,13,Indeed,PIP,3.55,1,2,2/25/2019,0,11
"Gonzalez, Ermine",10572,1,1,0,3,5,2,0,48281,0,28,Sr. Network Engineer,FL,1886,07/30/83,F,Married,US Citizen,No,White,05/18/2017,,Another position,Active,IT/IS,Michael Albert,22,Google Search,Fully Meets,2.3,1,10,02-11-2019,5,10
"LeBlanc, Nan",10573,1,0,0,3,4,1,1,87855,1,9,Data Analyst ,TN,2169,09/30/75,F,Single,US Citizen,No,Asian,04-08-2007,05/13/2007,N/A-StillEmployed,Voluntarily Terminated,Production       ,David Stanley,14,LinkedIn,Exceeds,3.57,5,5,1/21/2019,3,12
"Quinn, Mei",10574,1,1,0,2,6,2,1,146037,0,20,Production Technician II,MA,2067,08/15/68,F,Married,US Citizen,No,White,05-11-2009,,unhappy,Voluntarily Terminated,Production       ,Michael Albert,30,Indeed,Fully Meets,3.04,2,1,02-10-2013,0,15
"Sloan, Rachael",10575,0,4,0,5,2,3,1,106150,0,29,Principal Data Architect,MA,2324,09/16/75,F,Widowed,US Citizen,No,Black or African American,09/30/2008,,N/A-StillEmployed,Voluntarily Terminated,Sales,Brian Champaigne,13,LinkedIn,Fully Meets,1.71,1,9,1/20/2015,3,14
"Garcia, Hang  T",10576,0,2,0,3,6,2,0,78553,0,12,IT Director,FL,1776,09/22/89,F,Divorced,US Citizen,No,White,06-08-2006,,career change,Terminated for Cause,Production       ,Brian Champaigne,13,CareerBuilder,Needs Improvement,4.57,3,5,05-03-2012,3,18
"Squatrito, Mike",10577,0,0,1,4,4,2,0,81858,0,28,Sr. Network Engineer,NY,2067,12-08-1983,M ,Single,US Citizen,No,White,12/20/2013,,N/A-StillEmployed,Active,Sales,Brandon R. LeBlanc,1,Other,Needs Improvement,4.55,1,7,01-04-2019,0,3
"Dietrich, Xana",10578,1,3,0,5,4,4,0,46834,1,28,Sr. Network Engineer,IN,2021,10-12-1954,F,Separated,US Citizen,No,White,12/28/2019,01-10-2021,performance,Active,Production       ,Brandon R. LeBlanc,1,Other,Fully Meets,4.43,4,9,03-06-2011,0,0
"True, Barbara",10579,1,0,1,2,5,4,1,108247,1,23,Shared Services Manager,CO,2130,01-04-1964,M ,Single,US Citizen,No,White,07/30/2013,12/19/2013,N/A-StillEmployed,Active,Production       ,John Smith,17,CareerBuilder,Needs Improvement,2.63,2,2,2/27/2019,4,0
"Estremera, Jackie",10580,1,4,1,1,1,2,0,87979,1,17,Production Manager,VA,2451,05/23/91,M ,Widowed,US Citizen,No,White,03-01-2019,05-03-2020,N/A-StillEmployed,Voluntarily Terminated,Production       ,Brandon R. LeBlanc,3,On-line Web application,PIP,3.18,4,7,02-10-2013,4,18
"Clukey, Jean",10581,1,4,1,4,3,1,0,79313,0,6,CIO,AZ,2176,09-08-1989,M ,Widowed,US Citizen,No,White,10/25/2018,,Another position,Active,Production       ,John Smith,17,Google Search,Fully Meets,3.81,5,9,02-11-2019,4,8
"Hutter, Kara",10582,1,4,1,4,5,3,1,96061,0,30,Enterprise Architect,IN,2170,12/27/88,M ,Widowed,US Citizen,No,White,03-01-2008,,N/A-StillEmployed,Active,Production       ,Alex Sweetwater,10,Indeed,PIP,3.61,1,3,2/18/2019,5,20
"Darson, Adeel",10583,0,2,1,2,6,1,0,83582,1,7,Data Architect,TX,5664,08/25/76,M ,Divorced,US Citizen,No,White,06/24/2014,05-12-2016,N/A-StillEmployed,Active,Production       ,David Stanley,14,Diversity Job Fair,Exceeds,4.23,1,8,02-04-2016,1,12
"Trang, Maria",10584,1,0,1,4,3,1,0,50357,0,22,Senior BI Developer,UT,1810,02-02-1983,M ,Single,US Citizen,No,White,09-06-2017,,N/A-StillEmployed,Voluntarily Terminated,IT/IS,Kissy Sullivan,20,CareerBuilder,Needs Improvement,2.87,2,8,02-12-2019,1,6
"Givens, Trina",10585,0,4,1,4,5,1,1,65470,1,16,President & CEO,AZ,1851,07-10-1988,M ,Widowed,US Citizen,No,White,12-06-2011,07-03-2012,N/A-StillEmployed,Active,Production       ,David Stanley,14,Indeed,PIP,1.91,2,4,2/15/2019,5,2
"Tannen, Courtney",10586,0,3,1,1,4,4,1,50677,0,2,Administrative Assistant,TX,2125,04/19/90,M ,Separated,US Citizen,No,White,08/13/2009,,N/A-StillEmployed,Voluntarily Terminated,Production       ,Kelley Spirea,18,On-line Web application,PIP,4.66,4,4,01-02-2012,1,7
"Morway, Courtney",10587,0,1,0,5,1,1,1,111430,0,19,Production Technician I,CO,2132,11/27/79,F,Married,US Citizen,No,White,01-11-2013,,N/A-StillEmployed,Active,Sales,Lynn Daneault,21,Google Search,Needs Improvement,1.5,1,6,03-04-2013,2,18
"Dobrin, Brad",10588,1,0,1,5,1,3,0,137246,1,27,Sr. DBA,AZ,1901,09/27/88,M ,Single,US Citizen,Yes,Black or African American,06/21/2018,11-03-2020,military,Active,IT/IS,Michael Albert,22,CareerBuilder,Exceeds,1.05,5,7,1/17/2019,4,1
"Myers, Adil",10589,1,3,0,4,1,3,1,118615,0,18,Production Manager,ND,2155,03/19/79,F,Separated,US Citizen,No,White,06/15/2015,,return to school,Active,Production       ,Alex Sweetwater,10,Website,Fully Meets,3.19,2,8,1/14/2019,4,20
"Wolk, Lynn",10590,0,1,1,1,2,4,1,73236,0,30,Enterprise Architect,RI,2176,02-09-1972,M ,Married,US Citizen,Yes,White,11-12-2010,,N/A-StillEmployed,Active,Production       ,Brian Champaigne,13,Employee Referral,Needs Improvement,3.09,3,0,2/24/2016,3,6
"Bondwell, Simon",10591,1,0,1,1,4,1,0,113511,1,30,Enterprise Architect,KY,80820,07-10-1988,M ,Single,US Citizen,No,White,11-11-2008,04/22/2010,N/A-StillEmployed,Active,IT/IS,Lynn Daneault,21,Other,Fully Meets,2.27,4,0,1/15/2017,1,13
"LeBlanc, Kissy",10592,1,4,1,2,4,3,1,109779,1,15,Network Engineer,UT,2149,10/24/87,M ,Widowed,US Citizen,No,White,07-02-2006,04-06-2008,N/A-StillEmployed,Voluntarily Terminated,Production       ,Brandon R. LeBlanc,3,Indeed,PIP,1.66,1,1,1/23/2019,5,17
"LeBlanc, Elijian",10593,0,0,0,4,1,1,1,119545,1,30,Enterprise Architect,PA,2109,01-07-1974,F,Single,US Citizen,No,White,01/29/2012,01/18/2015,N/A-StillEmployed,Voluntarily Terminated,IT/IS,Ketsia Liebig,19,On-line Web application,PIP,2.99,4,0,02-11-2019,0,0
"Linares, Brian",10594,0,2,0,4,5,4,1,101473,0,10,Director of Operations,RI,2301,01-07-1987,F,Divorced,US Citizen,No,White,11/13/2013,,N/A-StillEmployed,Voluntarily Terminated,Production       ,Janet King,2,Google Search,Exceeds,3.31,2,4,1/30/2013,3,8
"Roup, Theresa",10595,1,4,1,1,5,2,1,70286,0,14,IT Support,CT,2451,12-02-1983,M ,Widowed,US Citizen,No,Black or African American,06/30/2017,,N/A-StillEmployed,Voluntarily Terminated,Production       ,Brandon R. LeBlanc,3,Other,PIP,4.67,1,9,1/14/2019,1,16
"Zima, Brooke",10596,0,2,1,1,4,2,0,138958,0,25,Software Engineering Manager,ME,1450,03/23/77,M ,Divorced,US Citizen,No,Black or African American,01/25/2015,,N/A-StillEmployed,Voluntarily Terminated,Production       ,John Smith,17,Google Search,Exceeds,1.86,2,9,02-01-2019,1,13
"Walker, Freddy",10597,0,0,1,4,5,4,0,112918,0,8,Database Administrator,OH,2472,10/23/71,M ,Single,US Citizen,No,White,05/15/2008,,attendance,Active,IT/IS,Michael Albert,22,Other,PIP,3.63,5,5,1/17/2019,5,20
"Carr, Sade",10598,0,0,0,1,3,3,1,113522,0,30,Enterprise Architect,NY,2330,11-06-1984,F,Single,US Citizen,No,White,09-01-2011,,N/A-StillEmployed,Active,Production       ,Simon Roup,4,Other,Needs Improvement,1.59,2,8,2/13/2019,2,10
"Carey, Sam",10599,1,2,0,3,2,1,1,78564,1,16,President & CEO,AL,1810,09-08-1969,F,Divorced,US Citizen,No,White,02-05-2006,09-04-2008,N/A-StillEmployed,Terminated for Cause,IT/IS,Alex Sweetwater,10,Google Search,Fully Meets,4.01,1,7,1/21/2019,2,12
"Tejeda, Ann",10600,1,4,1,5,3,2,0,64015,0,30,Enterprise Architect,UT,2324,04-06-1979,M ,Widowed,US Citizen,No,Black or African American,11-10-2011,,N/A-StillEmployed,Active,Production       ,Simon Roup,4,Website,PIP,4.09,3,8,7/14/2010,1,2
"Pham, Hannah",10601,1,2,0,3,2,2,1,140882,0,9,Data Analyst ,AZ,2066,04-08-1977,F,Divorced,US Citizen,Yes,White,10-08-2011,,performance,Active,Production       ,Board of Directors,9,Employee Referral,Needs Improvement,4.75,4,6,1/28/2019,3,8
"Khemmich, Donovan  E",10602,1,4,1,5,4,3,0,137276,1,18,Production Manager,NY,2132,09/27/87,M ,Widowed,US Citizen,No,Black or African American,05-05-2021,12/30/2022,N/A-StillEmployed,Active,Production       ,Brandon R. LeBlanc,3,Other,PIP,4.57,4,3,06-03-2013,1,19
"Nguyen, Trina",10603,1,4,1,3,5,1,1,47675,1,19,Production Technician I,CO,6040,02-10-1976,M ,Widowed,US Citizen,No,White,06/17/2011,09-10-2013,N/A-StillEmployed,Voluntarily Terminated,Production       ,Alex Sweetwater,10,Other,Needs Improvement,2.68,4,4,2/20/2013,1,14
"Theamstern, Peter",10604,0,0,0,5,1,2,0,117778,0,2,Administrative Assistant,CA,2154,11/24/79,F,Single,US Citizen,No,Black or African American,11/24/2007,,unhappy,Voluntarily Terminated,Sales,Board of Directors,9,Other,PIP,4.7,5,2,04-09-2017,2,11
"Jhaveri, Seffi",10605,0,2,0,4,3,2,1,148978,0,13,IT Manager - DB,PA,1460,03/31/69,F,Divorced,US Citizen,No,White,11-09-2018,,N/A-StillEmployed,Active,Production       ,Eric Dougall,6,Employee Referral,Exceeds,1.58,2,4,2/20/2013,4,10
"Fitzpatrick, Jack",10606,0,3,1,3,4,1,1,94205,0,1,Accountant I,MA,2135,11-02-1975,M ,Separated,US Citizen,No,Black or African American,01-05-2013,,N/A-StillEmployed,Voluntarily Terminated,Production       ,Janet King,2,LinkedIn,Needs Improvement,4.65,5,3,2/25/2019,4,11
"Morway, Bonalyn",10607,0,2,1,5,5,1,1,72868,1,3,Area Sales Manager,MT,2027,11-05-1978,M ,Divorced,US Citizen,No,Black or African American,04/21/2014,10-12-2014,Another position,Active,Production       ,David Stanley,14,CareerBuilder,Fully Meets,2.81,1,2,1/15/2019,3,11
"Barton, Tyrone",10608,0,0,0,1,3,3,1,42034,0,30,Enterprise Architect,VT,2093,08/17/92,F,Single,Eligible NonCitizen,No,White,07-05-2017,,N/A-StillEmployed,Voluntarily Terminated,Production       ,Brian Champaigne,13,Other,Fully Meets,3.71,2,7,2/20/2013,2,10
"Goyal, Kamrin",10609,0,3,1,5,5,1,1,81810,0,30,Enterprise Architect,OH,2108,05-11-1990,M ,Separated,US Citizen,No,Black or African American,04/22/2018,,career change,Active,Sales,Ketsia Liebig,19,On-line Web application,PIP,2.69,4,6,01-02-2019,2,10
"Costello, Juan",10610,1,0,0,2,5,2,0,78323,0,2,Administrative Assistant,NV,2110,03/18/87,F,Single,US Citizen,No,White,12-02-2016,,N/A-StillEmployed,Voluntarily Terminated,Production       ,Janet King,2,Employee Referral,PIP,2.75,1,3,2/28/2019,2,10
"Dietrich, Colombui",10611,1,3,0,1,3,3,0,41705,1,26,Sr. Accountant,NY,84111,05-12-1989,F,Separated,US Citizen,No,White,04-01-2017,09/25/2018,more money,Active,Software Engineering,Webster Butler,39,Google Search,Exceeds,4.37,3,7,2/21/2019,5,14
"Gill, Barbara  M",10612,0,1,1,2,2,3,0,120928,0,15,Network Engineer,TX,1776,03/26/81,M ,Married,US Citizen,No,White,03/31/2011,,N/A-StillEmployed,Voluntarily Terminated,Production       ,Board of Directors,9,Indeed,PIP,2.34,4,6,1/31/2019,3,9
"Motlagh, Courtney",10613,0,4,1,3,2,3,1,115865,1,5,BI Director,TN,1730,09/30/80,M ,Widowed,US Citizen,No,White,07-02-2013,09-02-2014,N/A-StillEmployed,Active,Production       ,Simon Roup,4,LinkedIn,Fully Meets,1.7,5,6,1/14/2019,4,6
"Carey, Estelle",10614,0,0,0,2,3,4,1,118971,0,14,IT Support,MT,2149,04/14/81,F,Single,US Citizen,No,White,02/25/2013,,N/A-StillEmployed,Active,Production       ,Eric Dougall,6,Other,Exceeds,4.58,1,7,01-08-2019,5,7
"Barone, Kathleen",10615,1,2,0,4,2,3,0,100931,0,30,Enterprise Architect,NH,1749,11-07-1987,F,Divorced,US Citizen,No,White,10/18/2009,,hours,Voluntarily Terminated,Software Engineering,Brandon R. LeBlanc,1,On-line Web application,PIP,4.93,5,6,2/18/2019,1,3
"Stoica, Bradley  J",10616,1,4,1,4,5,1,0,40163,0,18,Production Manager,WA,2481,01/17/79,M ,Widowed,US Citizen,No,White,05-04-2013,,Another position,Active,Production       ,Jennifer Zamora,5,LinkedIn,Needs Improvement,4.33,2,0,1/22/2019,5,4
"Tavares, Josephine",10617,0,4,0,2,5,4,0,108727,1,9,Data Analyst ,NH,2478,03-10-1979,F,Widowed,US Citizen,No,Black or African American,09-01-2009,11/30/2010,N/A-StillEmployed,Active,Production       ,Brian Champaigne,13,CareerBuilder,PIP,4.66,1,0,02-01-2019,2,7
"Mahoney, Enola",10618,0,2,1,2,1,2,1,68167,0,20,Production Technician II,UT,2176,04-04-1987,M ,Divorced,US Citizen,No,White,03-12-2012,,N/A-StillEmployed,Active,IT/IS,Board of Directors,9,Website,Needs Improvement,2.03,5,1,03-01-2015,4,2
"Evensen, Karen",10619,1,2,1,4,2,3,1,96730,0,10,Director of Operations,AZ,2747,12-03-1976,M ,Divorced,US Citizen,No,White,09-08-2017,,Another position,Active,Software Engineering,Elijiah Gray,16,Google Search,Fully Meets,2.32,2,4,1/14/2019,2,1
"Guilianno, Shana",10620,1,4,1,3,3,3,0,142781,0,24,Software Engineer,AZ,2199,09-01-1989,M ,Widowed,US Citizen,No,White,05/23/2019,,N/A-StillEmployed,Voluntarily Terminated,Production       ,Amy Dunn,11,Website,Needs Improvement,3.73,2,0,1/18/2019,4,4
"Miller, Sandy",10621,0,0,1,2,3,4,0,112743,0,7,Data Architect,UT,1886,05-01-1979,M ,Single,US Citizen,No,Asian,06/30/2013,,N/A-StillEmployed,Active,Sales,David Stanley,14,Google Search,Needs Improvement,3.94,5,0,1/14/2019,0,18
"Davis, Rose",10622,0,2,0,5,4,1,0,63662,0,13,IT Manager - Support,GA,2747,07/28/83,F,Divorced,US Citizen,No,Black or African American,07-07-2011,,hours,Active,Production       ,Kelley Spirea,18,Website,PIP,1.53,3,6,02-11-2019,4,13
"Andreola, Tommy",10623,0,2,1,2,4,3,0,129805,0,1,Accountant I,KY,2127,06-11-1970,M ,Divorced,US Citizen,No,Black or African American,09/16/2018,,N/A-StillEmployed,Voluntarily Terminated,Sales,David Stanley,14,Diversity Job Fair,Fully Meets,3.43,4,2,1/27/2019,3,15
"Clayton, Clinton",10624,1,0,0,1,1,3,1,45176,1,13,IT Manager - Support,WA,1749,07-06-1968,F,Single,US Citizen,No,White,12/19/2012,03/15/2015,N/A-StillEmployed,Voluntarily Terminated,Production       ,Janet King,2,Employee Referral,Exceeds,1.8,4,1,1/14/2019,3,9
"Guilianno, Janet",10625,0,1,1,2,1,3,1,123158,1,13,IT Manager - Support,UT,2451,12-02-1983,M ,Married,US Citizen,No,Two or more races,11-03-2009,09/17/2010,N/A-StillEmployed,Active,Production       ,Brandon R. LeBlanc,3,Employee Referral,Exceeds,3.1,2,1,05-01-2016,3,19
"Lynch, Mike",10626,1,2,0,3,5,1,1,87842,1,3,Area Sales Manager,UT,2045,10/18/89,F,Divorced,US Citizen,No,White,11/24/2014,08-09-2017,N/A-StillEmployed,Active,Production       ,Michael Albert,22,Indeed,Exceeds,2.96,3,1,01-08-2019,5,5
"Peterson, Ann",10627,0,0,0,4,6,2,0,86901,0,9,Data Analyst,VA,2134,07-10-1988,F,Single,US Citizen,No,White,01-09-2009,,N/A-StillEmployed,Active,Production       ,Amy Dunn,11,Diversity Job Fair,Needs Improvement,2.27,4,1,02-04-2016,5,14
"Hutter, Myriam",10628,0,3,1,2,6,2,0,43297,0,21,Sales Manager,NV,1460,11/21/72,M ,Separated,US Citizen,No,Black or African American,12/31/2017,,N/A-StillEmployed,Active,IT/IS,Simon Roup,4,Indeed,Exceeds,2.3,1,2,1/31/2019,3,19
"Buccheri, Noelle",10629,0,3,1,1,4,4,0,90371,1,11,Director of Sales,UT,2090,02-02-1983,M ,Separated,Eligible NonCitizen,No,Black or African American,10/17/2015,08/30/2017,more money,Active,Production       ,Board of Directors,9,Website,Exceeds,1.59,4,6,1/24/2019,1,13
"Linden, Alain",10630,0,1,1,2,3,3,0,107162,0,11,Director of Sales,MA,2453,07-11-1989,M ,Married,US Citizen,No,American Indian or Alaska Native,03/25/2015,,return to school,Active,Production       ,Debra Houlihan,15,Diversity Job Fair,Fully Meets,1.51,2,3,1/30/2019,1,17
"Walker, Cybil",10631,0,1,1,5,6,4,1,60554,0,8,Database Administrator,CT,5664,03/31/89,M ,Married,US Citizen,No,White,11-06-2017,,N/A-StillEmployed,Voluntarily Terminated,IT/IS,Webster Butler,39,Indeed,Needs Improvement,4.92,1,8,03-02-2017,3,1
"Tavares, Anthony",10632,0,1,1,2,2,4,0,139050,1,5,BI Director,OR,2140,08-09-1974,M ,Married,US Citizen,No,White,04/14/2009,04-09-2012,N/A-StillEmployed,Active,Production       ,Brian Champaigne,13,Diversity Job Fair,Needs Improvement,2.64,5,10,1/14/2013,5,17
"Barton, Mohammed",10633,1,2,0,1,4,3,1,104297,1,16,President & CEO,WA,2155,04/17/66,F,Divorced,US Citizen,No,Asian,01/13/2014,06/13/2015,Another position,Active,Production       ,Debra Houlihan,15,LinkedIn,Needs Improvement,1.17,3,5,02-04-2019,4,2
"Valentin, Megan",10634,0,1,0,1,6,1,1,147264,1,28,Sr. Network Engineer,RI,1844,12/27/88,F,Married,US Citizen,No,Black or African American,12/27/2015,11/26/2018,N/A-StillEmployed,Active,Production       ,Debra Houlihan,15,Employee Referral,PIP,2.51,3,5,4/18/2017,4,18
"Harrison, Joanne",10635,0,4,0,5,4,4,0,62870,0,1,Accountant I,ND,58782,08/15/68,F,Widowed,US Citizen,No,White,09/26/2012,,"no-call, no-show",Voluntarily Terminated,Software Engineering,Peter Monroe,7,Employee Referral,Needs Improvement,2.68,5,4,02-11-2019,5,4
"Robertson, Jayne",10636,0,3,1,5,3,3,1,86691,0,15,Network Engineer,ND,6050,11/27/79,M ,Separated,US Citizen,No,White,02-09-2016,,N/A-StillEmployed,Terminated for Cause,Production       ,Debra Houlihan,15,On-line Web application,PIP,3.79,1,4,2/18/2019,4,15
"Gilles, Rick",10637,1,3,1,5,6,1,0,140539,0,13,IT Manager - DB,AZ,84111,10/22/75,M ,Separated,US Citizen,No,White,11-09-2014,,N/A-StillEmployed,Active,IT/IS,Board of Directors,9,On-line Web application,PIP,2.74,4,6,2/14/2019,5,3
"Booth, April",10638,1,3,1,5,2,2,1,133316,0,6,CIO,PA,2360,04/20/85,M ,Separated,US Citizen,No,Black or African American,01/28/2015,,N/A-StillEmployed,Active,Production       ,Simon Roup,4,Website,Fully Meets,3.69,5,9,1/21/2019,3,20
"Lydon, Caroline",10639,0,3,1,2,2,3,1,83470,0,29,Principal Data Architect,AL,2110,09/21/54,M ,Separated,US Citizen,No,Black or African American,06/13/2010,,N/A-StillEmployed,Active,Production       ,Kissy Sullivan,20,On-line Web application,Needs Improvement,4.33,4,4,01-06-2012,5,3
"Shepard, Helen",10640,0,0,0,3,1,1,0,144471,0,24,Software Engineer,CT,2093,01-04-1984,F,Single,US Citizen,No,Black or African American,08/30/2011,,N/A-StillEmployed,Active,Production       ,Brannon Miller,12,On-line Web application,Fully Meets,2.4,4,9,2/14/2019,4,15
"Mckenna, Kimberly",10641,0,0,1,4,2,2,0,125272,0,13,IT Manager - Infra,AZ,2451,04/19/67,M ,Single,US Citizen,Yes,Black or African American,04/22/2018,,N/A-StillEmployed,Active,Sales,Board of Directors,9,CareerBuilder,Exceeds,3.23,1,10,2/26/2019,1,13
"Singh, Binh",10642,0,3,1,5,6,1,1,72813,0,23,Software Engineer,PA,2138,04/14/81,M ,Separated,US Citizen,No,White,03-01-2016,,performance,Voluntarily Terminated,Production       ,Michael Albert,22,Diversity Job Fair,PIP,2.98,5,0,1/28/2019,2,16
"Sutwell, Michael",10643,0,1,1,5,4,1,1,122901,1,14,IT Support,FL,5664,12-11-1976,M ,Married,US Citizen,No,White,05/17/2015,11/27/2015,more money,Active,Production       ,Elijiah Gray,16,Employee Referral,Fully Meets,4.44,5,3,01-02-2012,4,10
"Nowlan, Keyser",10644,1,4,0,2,4,2,0,89031,0,23,Shared Services Manager,KY,2169,11/24/87,F,Widowed,US Citizen,No,Black or African American,04/27/2007,,more money,Active,Sales,Michael Albert,22,LinkedIn,Exceeds,1.55,4,9,2/15/2012,1,7
"Ngodup, Desiree",10645,1,0,1,2,6,2,0,86671,1,1,Accountant I,TX,2143,03/14/85,M ,Single,US Citizen,No,White,02/20/2016,08/19/2017,retiring,Active,IT/IS,Webster Butler,39,Diversity Job Fair,PIP,2.11,5,4,1/29/2019,0,2
"Jeannite, Jean",10646,0,0,0,5,5,3,1,41550,0,20,Production Technician II,MA,2044,02/18/83,F,Single,US Citizen,No,Black or African American,01-09-2015,,"no-call, no-show",Active,IT/IS,Board of Directors,9,Employee Referral,Exceeds,1.5,1,10,03-04-2014,1,7
"Cierpiszewski, Randall",10647,1,4,1,3,1,3,1,108905,0,22,Senior BI Developer,ID,2453,03-02-1980,M ,Widowed,US Citizen,No,White,05/16/2013,,N/A-StillEmployed,Voluntarily Terminated,Sales,Board of Directors,9,Google Search,PIP,2.64,2,5,03-01-2015,0,7
"Voldemort, Miguel",10648,1,4,1,5,5,3,0,58281,1,29,Principal Data Architect,CT,2171,04-06-1985,M ,Widowed,US Citizen,No,White,08-04-2008,04-11-2009,N/A-StillEmployed,Voluntarily Terminated,IT/IS,Michael Albert,30,LinkedIn,Exceeds,3.89,2,0,1/17/2019,2,3
"Goeth, Lynn",10649,1,4,0,2,6,3,0,131349,0,23,Software Engineer,AZ,1886,09-05-1991,F,Widowed,US Citizen,No,White,10-03-2015,,N/A-StillEmployed,Active,Sales,Board of Directors,9,On-line Web application,Exceeds,1.32,4,2,2/20/2012,1,5
"Owad, Norman",10650,1,2,0,1,1,3,1,71018,0,11,Director of Sales,NV,2030,11-07-1987,F,Divorced,US Citizen,Yes,White,09-11-2010,,relocation out of area,Terminated for Cause,Production       ,Brannon Miller,12,LinkedIn,PIP,4.91,5,2,03-06-2016,1,8
"Burkett, Francesco  A",10651,1,4,1,4,6,1,1,148047,0,13,IT Manager - Support,TX,1886,04-08-1977,M ,Widowed,US Citizen,No,White,06-06-2008,,N/A-StillEmployed,Voluntarily Terminated,Production       ,Debra Houlihan,15,CareerBuilder,Fully Meets,2.5,1,4,1/14/2019,0,3
"Landa, Simon",10652,1,1,1,5,4,2,1,106495,0,14,IT Support,VA,1450,10/31/77,M ,Married,US Citizen,No,White,09/14/2007,,career change,Active,IT/IS,Brandon R. LeBlanc,3,CareerBuilder,Exceeds,3.44,2,8,02-11-2019,4,8
"Eaton, Sade",10653,1,2,0,5,2,2,1,106299,0,1,Accountant I,FL,2062,03-10-1970,F,Divorced,US Citizen,No,Black or African American,11-09-2014,,N/A-StillEmployed,Active,Production       ,Brannon Miller,12,Website,PIP,3.08,1,6,01-07-2019,3,4
"Forrest, Jasmine",10654,0,3,1,3,6,2,0,69777,0,16,President & CEO,VA,2453,12-02-1983,M ,Separated,US Citizen,No,Black or African American,03-02-2012,,N/A-StillEmployed,Voluntarily Terminated,Sales,Brannon Miller,12,Diversity Job Fair,Exceeds,4.33,4,2,03-05-2012,4,0
"Thibaud, Marianne",10655,1,4,1,1,1,4,1,134065,0,27,Sr. DBA,GA,2145,12/21/74,M ,Widowed,US Citizen,No,White,12/31/2015,,N/A-StillEmployed,Active,IT/IS,Peter Monroe,7,Indeed,PIP,4.79,2,4,1/21/2019,5,9
"Homberger, Freddy",10656,1,1,0,3,2,4,1,70718,0,22,Senior BI Developer,MT,2062,02/21/74,F,Married,US Citizen,No,Black or African American,08/19/2009,,N/A-StillEmployed,Active,Sales,Janet King,2,CareerBuilder,Needs Improvement,1.33,3,7,2/22/2019,2,14
"Robinson, Noelle",10657,1,0,1,4,4,3,0,61350,0,20,Production Technician II,CA,1460,11-08-1988,M ,Single,US Citizen,No,White,08/25/2016,,N/A-StillEmployed,Active,Production       ,Elijiah Gray,16,Website,Needs Improvement,2.11,4,7,4/15/2015,5,15
"Petrowsky, Melisa",10658,1,0,0,2,3,3,0,112604,1,6,CIO,GA,1773,09/14/88,F,Single,US Citizen,No,White,05/26/2010,09/16/2011,hours,Active,Production       ,Lynn Daneault,21,Indeed,Needs Improvement,3.33,3,0,10/22/2011,3,19
"Bachiochi, James",10659,1,2,1,2,1,4,0,135362,0,27,Sr. DBA,NH,2031,09/14/79,M ,Divorced,US Citizen,No,Black or African American,04-10-2007,,N/A-StillEmployed,Active,Software Engineering,Eric Dougall,6,Google Search,Exceeds,2.01,3,4,1/17/2019,2,6
"Chivukula, Kramer",10660,1,3,0,1,4,2,1,102731,1,13,IT Manager - Infra,AZ,2445,02-11-1970,F,Separated,US Citizen,No,White,01/25/2012,06-07-2013,unhappy,Active,Admin Offices,Jennifer Zamora,5,Diversity Job Fair,Needs Improvement,1.34,4,7,2/15/2012,1,0
"Sutwell, Lisa",10661,1,2,1,1,1,3,1,146481,1,26,Sr. Accountant,WA,2324,07/25/79,M ,Divorced,US Citizen,No,White,07-10-2012,06-06-2015,performance,Active,Production       ,Simon Roup,4,On-line Web application,PIP,3.69,2,0,2/19/2019,1,13
"Clayton, Lily",10662,1,2,0,2,1,1,1,62011,1,25,Software Engineering Manager,FL,2478,04-06-1979,F,Divorced,US Citizen,No,White,03-08-2010,04/25/2010,unhappy,Active,IT/IS,Eric Dougall,6,LinkedIn,Exceeds,1.78,2,1,5/13/2014,3,1
"Billis, Elizabeth",10663,0,4,1,1,6,4,0,124004,0,25,Software Engineering Manager,NC,2129,03/23/77,M ,Widowed,US Citizen,No,White,01/13/2019,,relocation out of area,Active,Production       ,John Smith,17,Diversity Job Fair,Needs Improvement,2.12,1,2,02-05-2018,0,16
"Spirea, John",10664,1,3,1,1,3,1,1,105721,0,17,Production Manager,NY,1450,11/25/87,M ,Separated,US Citizen,No,White,08/17/2007,,N/A-StillEmployed,Active,Production       ,Webster Butler,39,CareerBuilder,PIP,2.53,4,2,1/19/2016,4,15
"Lundy, Dawn",10665,1,4,1,3,1,2,1,61282,1,9,Data Analyst ,MT,2747,05-12-1980,M ,Widowed,US Citizen,Yes,White,10/23/2015,12/19/2015,career change,Voluntarily Terminated,IT/IS,Brian Champaigne,13,Employee Referral,Needs Improvement,1.13,4,4,04-02-2013,5,5
"Brill, Melinda",10666,0,1,0,1,1,1,1,77433,0,25,Software Engineering Manager,MT,1886,01-07-1988,F,Married,US Citizen,No,Black or African American,07/25/2013,,Another position,Active,Production       ,Simon Roup,4,LinkedIn,PIP,4.22,1,0,2/28/2019,5,5
"Bondwell, Juan",10667,0,0,0,1,4,2,0,101419,1,2,Administrative Assistant,UT,1460,09/22/70,F,Single,US Citizen,No,White,08/18/2013,10/31/2015,Another position,Active,Software Engineering,Board of Directors,9,On-line Web application,PIP,2.56,1,7,4/20/2015,5,14
"Dunn, Joe",10668,0,0,1,3,1,3,1,59680,0,18,Production Manager,NY,1749,08/25/76,M ,Single,US Citizen,No,American Indian or Alaska Native,07/18/2013,,gross misconduct,Active,Sales,Jennifer Zamora,5,Indeed,Exceeds,4.76,2,5,02-01-2013,3,3
"Gaul, Cherly",10669,1,4,1,5,4,2,1,92004,1,6,CIO,ND,2134,07/24/86,M ,Widowed,US Citizen,No,Black or African American,12-11-2010,11-11-2011,N/A-StillEmployed,Terminated for Cause,Production       ,Lynn Daneault,21,CareerBuilder,Exceeds,4.58,2,1,02-11-2019,1,18
"Cierpiszewski, Horia",10670,0,2,0,1,1,1,1,121402,0,8,Database Administrator,TX,2324,05-05-1988,F,Divorced,US Citizen,No,White,07-05-2015,,N/A-StillEmployed,Active,Production       ,David Stanley,14,LinkedIn,Needs Improvement,2.48,1,0,1/31/2019,5,11
"Blount, April",10671,1,0,1,5,4,4,0,135938,0,12,IT Director,NV,2359,11-07-1974,M ,Single,US Citizen,No,White,06/23/2005,,N/A-StillEmployed,Active,Production       ,Amy Dunn,11,LinkedIn,Fully Meets,1.19,3,2,02-12-2019,4,0
"Foreman, Frank",10672,0,4,1,1,5,4,0,147823,0,3,Area Sales Manager,MA,1701,10/27/70,M ,Widowed,US Citizen,No,Asian,01/29/2016,,more money,Active,Production       ,Lynn Daneault,21,Website,PIP,4.36,5,1,03-06-2011,1,1
"Newman, Bartholemew",10673,1,0,1,5,2,4,0,49223,0,20,Production Technician II,CT,1905,03/23/77,M ,Single,US Citizen,No,Black or African American,09/17/2014,,Another position,Active,IT/IS,Lynn Daneault,21,Website,Exceeds,2.07,4,10,02-01-2019,3,18
"Monterro, Edward",10674,1,4,1,2,1,4,0,69384,1,17,Production Manager,GA,1460,09/30/75,M ,Widowed,US Citizen,No,White,02/21/2007,08/28/2008,N/A-StillEmployed,Voluntarily Terminated,IT/IS,Ketsia Liebig,19,Website,Needs Improvement,3.76,1,3,02-01-2019,1,8
"Petrowsky, Joanne",10675,1,4,0,4,1,2,1,80930,0,5,BI Director,NC,2478,07-05-1979,F,Widowed,US Citizen,No,Two or more races,10-02-2012,,N/A-StillEmployed,Active,Production       ,Elijiah Gray,16,Employee Referral,PIP,4.71,5,7,2/19/2019,4,13
"Szabo, Martin",10676,0,4,0,5,2,3,1,145945,0,29,Principal Data Architect,CT,2027,05/27/73,F,Widowed,Eligible NonCitizen,No,White,04/19/2018,,return to school,Active,Software Engineering,Simon Roup,4,On-line Web application,Needs Improvement,4.64,3,10,02-11-2019,4,1
"Shepard, Sean",10677,1,3,0,4,4,3,1,86931,1,21,Sales Manager,AL,78230,09/15/85,F,Separated,US Citizen,No,White,08-12-2012,06-11-2014,N/A-StillEmployed,Active,Production       ,Debra Houlihan,15,CareerBuilder,Exceeds,2.74,2,4,2/18/2019,3,16
"Mancuso, Roger",10678,1,2,1,2,4,3,0,53207,0,9,Data Analyst,WA,43050,03/31/77,M ,Divorced,US Citizen,No,Black or African American,03/29/2010,,N/A-StillEmployed,Active,Production       ,Alex Sweetwater,10,LinkedIn,Exceeds,4.11,5,2,05-04-2011,5,3
"Robinson, Earnest",10679,0,4,0,3,1,4,0,83832,0,13,IT Manager - Support,NH,2747,05/24/79,F,Widowed,US Citizen,No,White,03/29/2011,,N/A-StillEmployed,Terminated for Cause,Production       ,Kissy Sullivan,20,On-line Web application,Fully Meets,1.66,2,3,02-07-2019,3,19
"Hudson, Hong",10680,1,2,1,4,5,2,0,131094,0,6,CIO,MT,59102,02-12-1979,M ,Divorced,US Citizen,Yes,White,08/19/2009,,attendance,Voluntarily Terminated,IT/IS,Brandon R. LeBlanc,3,Other,Needs Improvement,3.17,1,4,1/14/2019,3,9
"Heitzman, Jennifer",10681,1,1,0,3,5,1,1,106988,0,11,Director of Sales,WA,2445,10/24/87,F,Married,US Citizen,No,White,02/25/2008,,N/A-StillEmployed,Active,Production       ,Alex Sweetwater,10,Indeed,PIP,2.9,2,5,2/19/2019,5,16
"Sadki, Linda",10682,0,2,0,3,2,1,1,66420,1,13,IT Manager - DB,AZ,2110,04/14/55,F,Divorced,US Citizen,Yes,White,05/20/2010,01/13/2012,N/A-StillEmployed,Voluntarily Terminated,Production       ,Michael Albert,30,Diversity Job Fair,Exceeds,1.33,1,10,1/14/2019,2,17
"Shepard, Kramer",10683,0,1,0,1,6,1,0,62787,0,12,IT Director,PA,1886,08/24/83,F,Married,US Citizen,No,White,11-02-2007,,N/A-StillEmployed,Active,Production       ,Webster Butler,39,On-line Web application,Needs Improvement,1.22,3,10,02-12-2019,0,6
"Gilles, Constance",10684,0,0,0,3,2,4,0,85836,0,23,Shared Services Manager,CT,2176,11/25/87,F,Single,US Citizen,No,Asian,05/29/2011,,more money,Active,Production       ,Peter Monroe,7,Google Search,Fully Meets,1.6,1,4,2/21/2019,2,17
"Onque, Melinda",10685,1,2,1,4,1,2,0,70273,1,13,IT Manager - Infra,TX,1721,11-06-1986,M ,Divorced,US Citizen,No,Black or African American,09/30/2010,07/26/2013,N/A-StillEmployed,Active,Production       ,Ketsia Liebig,19,CareerBuilder,Fully Meets,3.66,2,2,02-12-2019,2,3
"Estremera, Tommy",10686,1,1,1,4,6,1,1,103336,0,11,Director of Sales,VA,27229,09/16/84,M ,Married,US Citizen,No,Black or African American,03-03-2017,,career change,Active,Production       ,David Stanley,14,On-line Web application,Fully Meets,4.65,1,1,02-07-2019,3,11
"Mancuso, Estelle",10687,0,2,0,5,3,3,0,103923,0,27,Sr. DBA,VA,2050,04/19/90,F,Divorced,US Citizen,No,Black or African American,03/13/2010,,N/A-StillEmployed,Active,Sales,Alex Sweetwater,10,Website,Fully Meets,4.71,3,10,02-04-2019,0,9
"Baczenski, Theresa",10688,0,2,1,5,6,3,0,140889,0,9,Data Analyst ,WA,5473,12-02-1983,M ,Divorced,US Citizen,No,White,01-01-2018,,N/A-StillEmployed,Voluntarily Terminated,Production       ,Michael Albert,30,Website,Exceeds,4.44,4,6,2/18/2019,5,10
"Fraval, Kurt",10689,0,4,0,4,5,3,0,111045,0,27,Sr. DBA,OR,1901,07-07-1984,F,Widowed,US Citizen,Yes,Asian,06/23/2017,,attendance,Active,IT/IS,Michael Albert,30,Google Search,Fully Meets,4.64,1,9,2/25/2019,5,4
"LaRotonda, Jean",10690,0,4,1,1,5,1,1,133747,0,9,Data Analyst,WA,2149,06/14/87,M ,Widowed,US Citizen,No,White,07/28/2009,,Another position,Active,Production       ,Janet King,2,CareerBuilder,PIP,3.98,4,8,5/15/2014,1,14
"Estremera, Cybil",10691,0,3,1,2,4,1,0,115258,0,10,Director of Operations,ND,1851,04/18/80,M ,Separated,US Citizen,No,Black or African American,08-02-2016,,N/A-StillEmployed,Active,Production       ,Michael Albert,30,Google Search,Needs Improvement,2.58,4,2,01-10-2019,4,9
"Lynch, Betsy",10692,1,1,0,4,2,4,1,91480,0,24,Software Engineer,PA,1960,06-11-1970,F,Married,US Citizen,No,Black or African American,02/29/2012,,"no-call, no-show",Active,IT/IS,John Smith,17,Other,Fully Meets,1.66,3,4,07-02-2017,4,5
"Carter, Lisa",10693,1,0,1,5,4,1,0,134832,0,24,Software Engineer,MT,2343,03/17/88,M ,Single,US Citizen,No,Black or African American,08-02-2011,,N/A-StillEmployed,Active,IT/IS,David Stanley,14,Website,Needs Improvement,2.47,2,3,1/31/2019,4,4
"Keatts, Tayana",10694,0,4,1,2,6,4,0,78992,0,21,Sales Manager,CO,2170,03/22/66,M ,Widowed,US Citizen,No,Black or African American,03/26/2011,,hours,Active,Production       ,Janet King,2,LinkedIn,Exceeds,4.24,3,8,02-06-2019,3,1
"Jackson, Anton",10695,0,0,1,4,4,2,1,101594,0,24,Software Engineer,NH,1810,09/15/85,M ,Single,US Citizen,No,White,06/29/2010,,Another position,Voluntarily Terminated,Production       ,Board of Directors,9,CareerBuilder,PIP,1.35,5,7,1/21/2019,3,11
"Alagbe, Evelyn",10696,0,3,1,2,5,3,0,131884,0,27,Sr. DBA,VA,2478,06/18/87,M ,Separated,US Citizen,Yes,Black or African American,07/22/2013,,N/A-StillEmployed,Active,Production       ,Brian Champaigne,13,Other,Needs Improvement,1.91,1,3,01-08-2019,5,19
"Booth, Samuel",10697,1,0,1,2,1,1,0,84277,0,14,IT Support,UT,2324,09/27/87,M ,Single,US Citizen,No,Black or African American,03-12-2018,,"no-call, no-show",Voluntarily Terminated,IT/IS,Ketsia Liebig,19,Diversity Job Fair,Needs Improvement,2.29,2,5,2/24/2016,4,8
"Gonzalez, Ermine",10698,0,1,0,5,6,2,1,99316,0,29,Principal Data Architect,OH,2169,11/15/76,F,Married,US Citizen,No,White,03-05-2017,,N/A-StillEmployed,Active,IT/IS,Jennifer Zamora,5,Employee Referral,PIP,1.49,5,3,1/17/2019,4,4
"Latif, Alejandro",10699,1,1,0,2,2,1,1,100800,1,27,Sr. DBA,MT,2324,10/24/87,F,Married,Eligible NonCitizen,No,White,08/25/2014,02-08-2016,attendance,Active,Production       ,Amy Dunn,11,CareerBuilder,Needs Improvement,1.88,4,6,02-05-2019,5,16
"Purinton, Christie",10700,0,3,1,2,2,1,0,122442,0,9,Data Analyst,TN,1886,11/23/81,M ,Separated,US Citizen,No,Black or African American,08/24/2012,,military,Voluntarily Terminated,Production       ,Peter Monroe,7,On-line Web application,Exceeds,1.17,3,8,2/20/2014,1,13
"Stanford, Rosalie",10701,0,4,0,4,2,3,0,42836,0,15,Network Engineer,CO,1545,02-12-1979,F,Widowed,US Citizen,No,Black or African American,10/27/2013,,N/A-StillEmployed,Active,Production       ,Brandon R. LeBlanc,3,Google Search,PIP,1.37,2,3,2/25/2019,1,7
"Gold, Jasmine",10702,0,4,0,3,1,4,1,45268,1,13,IT Manager - Support,IN,2021,06-06-1986,F,Widowed,US Citizen,Yes,White,02-06-2010,02-01-2012,military,Terminated for Cause,Admin Offices,Board of Directors,9,Employee Referral,Fully Meets,3.58,5,3,1/21/2019,2,7
"England, Phylicia",10703,0,1,1,3,2,3,1,140567,0,20,Production Technician II,VA,2093,02-09-1983,M ,Married,US Citizen,No,White,11/20/2008,,N/A-StillEmployed,Voluntarily Terminated,Production       ,Brandon R. LeBlanc,1,Other,Needs Improvement,4.72,2,8,8/16/2015,5,8
"Ivey, Carla",10704,0,0,0,3,6,3,1,98444,1,25,Software Engineering Manager,VA,2045,05-11-1985,F,Single,US Citizen,No,White,08-04-2010,01/14/2012,N/A-StillEmployed,Active,Sales,Board of Directors,9,On-line Web application,Needs Improvement,4.29,1,10,1/14/2019,4,18
"Gosciminski, Evelyn",10705,1,2,1,5,5,3,1,111354,0,10,Director of Operations,UT,2747,04-08-1977,M ,Divorced,US Citizen,No,Black or African American,05/23/2015,,N/A-StillEmployed,Active,Production       ,Alex Sweetwater,10,Google Search,Needs Improvement,2.05,2,7,1/21/2019,1,10
"Beak, Sarah",10706,0,2,1,2,2,1,0,70492,0,13,IT Manager - DB,PA,2324,08/25/78,M ,Divorced,US Citizen,No,Black or African American,03/29/2012,,N/A-StillEmployed,Active,IT/IS,Peter Monroe,7,On-line Web application,Needs Improvement,4.01,2,6,1/30/2019,0,18
"Sander, Allison",10707,0,0,0,1,6,3,1,108649,0,24,Software Engineer,TN,6033,05-09-1984,F,Single,US Citizen,Yes,White,03-01-2015,,N/A-StillEmployed,Active,Production       ,John Smith,17,On-line Web application,Exceeds,4.33,1,2,2/19/2019,1,18
"Veera, Louis",10708,0,3,1,3,2,2,0,91748,1,25,Software Engineering Manager,OR,2127,09/22/76,M ,Separated,US Citizen,No,White,12-05-2013,04-11-2014,N/A-StillEmployed,Voluntarily Terminated,Production       ,Peter Monroe,7,Indeed,Fully Meets,2.58,2,7,02-06-2019,5,19
"Houlihan, Tanya",10709,0,2,0,2,3,4,1,95148,1,7,Data Architect,VT,2126,05/19/82,F,Divorced,US Citizen,No,White,09/17/2011,12-11-2011,N/A-StillEmployed,Active,Production       ,John Smith,17,Indeed,PIP,2.32,3,10,1/30/2019,5,6
"Spirea, Sharlene",10710,0,2,1,2,1,3,1,144041,0,10,Director of Operations,MT,2452,09-04-1983,M ,Divorced,US Citizen,Yes,Asian,08/13/2011,,N/A-StillEmployed,Active,Production       ,Board of Directors,9,Google Search,Fully Meets,3.11,5,9,06-02-2014,4,13
"Guilianno, Luisa",10711,0,4,0,5,4,2,0,104473,0,15,Network Engineer,PA,2126,11-07-1958,F,Widowed,US Citizen,No,White,06-03-2010,,N/A-StillEmployed,Voluntarily Terminated,Production       ,Lynn Daneault,21,Google Search,PIP,4.15,2,9,01-08-2019,0,19
"Zamora, Biff",10712,0,0,0,1,2,3,1,125721,0,13,IT Manager - Infra,FL,2451,12-08-1983,F,Single,US Citizen,No,White,08-06-2019,,N/A-StillEmployed,Active,Sales,Elijiah Gray,16,On-line Web application,Exceeds,3,1,0,04-05-2013,5,8
"Wang, Sandra",10713,0,3,0,3,2,2,0,140412,0,22,Senior BI Developer,NY,1887,05/15/70,F,Separated,US Citizen,No,White,12/14/2016,,career change,Active,IT/IS,Michael Albert,22,Google Search,Exceeds,1.05,2,3,2/25/2019,2,13
"Power, Leigh Ann",10714,0,3,1,4,6,4,1,70580,0,1,Accountant I,IN,6070,04-04-1986,M ,Separated,US Citizen,No,White,07/17/2010,,hours,Active,Production       ,Michael Albert,30,Indeed,Fully Meets,3.41,5,2,1/21/2019,2,5
"Jackson, Elias",10715,1,2,0,2,5,3,1,75747,0,13,IT Manager - Infra,CO,2718,09/15/85,F,Divorced,US Citizen,No,White,08-04-2019,,attendance,Active,Production       ,Brian Champaigne,13,CareerBuilder,PIP,2.1,3,6,02-06-2019,2,2
"Gaul, Hannah",10716,1,4,1,5,2,3,0,101110,0,20,Production Technician II,NH,2169,09-02-1983,M ,Widowed,US Citizen,No,Black or African American,12/24/2013,,career change,Active,Production       ,Webster Butler,39,On-line Web application,Needs Improvement,3.82,3,7,2/21/2019,1,17
"Power, Elijiah",10717,0,3,1,1,2,1,1,56903,0,6,CIO,CT,2062,10/15/84,M ,Separated,US Citizen,No,White,03-07-2016,,N/A-StillEmployed,Voluntarily Terminated,Admin Offices,Peter Monroe,7,On-line Web application,PIP,2.78,5,6,09-02-2015,1,16
"Costello, John",10718,1,4,1,5,6,2,1,84822,0,28,Sr. Network Engineer,KY,1731,05/21/79,M ,Widowed,US Citizen,No,White,05/23/2015,,return to school,Active,Production       ,Michael Albert,22,LinkedIn,Fully Meets,3.71,2,2,02-08-2019,1,5
"Spirea, May",10719,1,2,1,1,5,1,0,149764,0,13,IT Manager - Infra,WA,2126,04-10-1987,M ,Divorced,US Citizen,No,Black or African American,11-09-2008,,N/A-StillEmployed,Voluntarily Terminated,Production       ,Janet King,2,Diversity Job Fair,Needs Improvement,3.27,5,1,07-02-2012,3,19
"True, Rick",10720,0,3,1,2,5,3,0,76915,0,13,IT Manager - DB,NH,2135,09-11-1972,M ,Separated,Eligible NonCitizen,No,White,05/28/2017,,unhappy,Active,Production       ,Brian Champaigne,13,CareerBuilder,PIP,4.09,4,6,01-03-2019,3,10
"Hendrickson, Carol",10721,0,0,0,1,2,1,0,123670,1,27,Sr. DBA,UT,1886,02/20/79,F,Single,US Citizen,no,White,12/24/2009,12-09-2012,N/A-StillEmployed,Active,Production       ,Elijiah Gray,16,Google Search,Fully Meets,3.05,2,5,01-07-2019,3,17
"Desimone, Sade",10722,1,2,1,4,2,2,0,50791,1,22,Senior BI Developer,NV,2359,06-03-1986,M ,Divorced,US Citizen,No,Black or African American,01-07-2012,09/18/2012,N/A-StillEmployed,Active,IT/IS,Simon Roup,4,Diversity Job Fair,Fully Meets,2.16,4,3,01-07-2019,5,6
"Lajiri, Dheepa",10723,0,1,1,4,3,2,1,142044,0,20,Production Technician II,ME,2451,11-08-1983,M ,Married,US Citizen,Yes,White,12/16/2010,,N/A-StillEmployed,Active,Production       ,Michael Albert,22,On-line Web application,Needs Improvement,3.16,4,3,01-02-2019,3,5
"Wilber, Helen",10724,0,3,1,4,4,4,1,129471,1,16,President & CEO,CA,2093,01-12-1973,M ,Separated,US Citizen,No,Black or African American,05-10-2016,02/13/2019,N/A-StillEmployed,Voluntarily Terminated,Admin Offices,Lynn Daneault,21,Diversity Job Fair,PIP,2.94,2,5,1/14/2019,3,9
"Sewkumar, John",10725,1,4,0,5,5,2,1,41014,1,13,IT Manager - Support,GA,2176,11-09-1972,F,Widowed,US Citizen,No,White,08/20/2010,05/31/2013,N/A-StillEmployed,Active,IT/IS,John Smith,17,CareerBuilder,PIP,1.08,5,3,1/19/2019,5,12
"Kampew, Jennifer",10726,1,4,1,5,1,3,0,47784,0,2,Administrative Assistant,CT,2127,09/22/76,M ,Widowed,Eligible NonCitizen,No,White,06-04-2007,,Another position,Active,Production       ,David Stanley,14,Google Search,PIP,3.68,5,0,1/22/2019,0,0
"Biden, Ricardo",10727,1,2,1,1,5,1,1,63566,1,27,Sr. DBA,NY,2066,06/19/61,M ,Divorced,US Citizen,No,White,12/17/2016,02-12-2019,more money,Voluntarily Terminated,Production       ,John Smith,17,On-line Web application,Fully Meets,1.15,4,1,01-07-2019,1,3
"Galia, Lindsay",10728,0,0,0,1,3,2,1,113468,1,10,Director of Operations,VT,78230,09/14/88,F,Single,US Citizen,No,White,11/15/2014,10/16/2015,N/A-StillEmployed,Active,Production       ,Alex Sweetwater,10,Diversity Job Fair,PIP,2.58,2,1,02-05-2018,3,13
"Goyal, Maryellen",10729,1,1,0,2,6,3,1,47034,0,4,BI Developer,NH,2127,02/18/83,F,Married,Eligible NonCitizen,No,White,03/19/2009,,N/A-StillEmployed,Voluntarily Terminated,IT/IS,Brannon Miller,12,Diversity Job Fair,Exceeds,3.7,3,7,1/29/2019,0,5
"Engdahl, Scott",10730,1,0,1,1,1,3,1,113423,0,10,Director of Operations,UT,1731,11/28/73,M ,Single,US Citizen,No,White,02/19/2017,,N/A-StillEmployed,Active,Production       ,Webster Butler,39,Website,Exceeds,2.58,3,5,1/27/2019,5,16
"Fraval, Noah",10731,1,3,0,5,3,1,0,90477,0,13,IT Manager - DB,AZ,2169,05-06-1989,F,Separated,US Citizen,Yes,White,09/22/2015,,N/A-StillEmployed,Voluntarily Terminated,Production       ,Kelley Spirea,18,LinkedIn,Needs Improvement,4.54,4,4,1/31/2019,3,12
"England, Constance",10732,1,0,1,2,3,3,1,42594,0,30,Enterprise Architect,TX,1810,04/23/86,M ,Single,US Citizen,No,Black or African American,08-03-2009,,N/A-StillEmployed,Voluntarily Terminated,Production       ,Webster Butler,39,Other,Needs Improvement,3.6,5,8,01-11-2019,4,7
"Givens, Kara",10733,0,1,1,4,6,4,1,116117,0,13,IT Manager - Support,MT,2453,05/19/82,M ,Married,US Citizen,No,Black or African American,02/23/2010,,hours,Active,Production       ,Brannon Miller,12,Google Search,PIP,4.86,5,0,1/17/2019,5,20
"Goyal, Noah",10734,1,1,0,3,3,2,1,146367,0,8,Database Administrator,RI,2148,11/23/81,F,Married,US Citizen,Yes,White,01-02-2013,,N/A-StillEmployed,Active,Production       ,David Stanley,14,CareerBuilder,Needs Improvement,2.03,4,1,05-06-2015,1,1
"Sparks, Myriam",10735,1,3,0,2,5,4,1,52724,0,24,Software Engineer,ND,2747,08/31/81,F,Separated,US Citizen,No,Black or African American,10-04-2018,,N/A-StillEmployed,Active,Production       ,Simon Roup,4,Indeed,PIP,3.2,1,2,02-11-2019,5,17
"Theamstern, Thomas",10736,1,0,1,1,2,4,0,97536,0,27,Sr. DBA,TX,1778,11/23/81,M ,Single,US Citizen,No,White,04-10-2013,,career change,Active,Production       ,Brandon R. LeBlanc,3,Indeed,Needs Improvement,3.73,2,7,5/13/2014,3,19
"Biden, Jumil",10737,1,3,1,4,4,2,0,128675,0,25,Software Engineering Manager,IN,2169,04-06-1985,M ,Separated,Eligible NonCitizen,No,White,01/21/2018,,N/A-StillEmployed,Active,Production       ,Kelley Spirea,18,Other,Fully Meets,3.96,5,2,1/14/2019,1,18
"Miller, Enola",10738,0,3,0,4,5,3,0,86610,1,23,Shared Services Manager,OR,1460,04/16/81,F,Separated,US Citizen,No,White,05-06-2016,08/24/2016,N/A-StillEmployed,Active,Production       ,Michael Albert,22,Employee Referral,PIP,2.47,1,5,2/20/2014,3,10
"Veera, Keyla",10739,1,0,1,1,3,1,0,73450,0,25,Software Engineering Manager,IN,2132,08/28/63,M ,Single,US Citizen,No,White,09/29/2008,,N/A-StillEmployed,Active,IT/IS,Simon Roup,4,Employee Referral,PIP,3.28,4,7,01-07-2019,2,9
"Mahoney, Jeanette",10740,1,3,0,2,5,4,1,72156,1,1,Accountant I,TN,3062,06-03-1967,F,Separated,US Citizen,No,Asian,06-04-2011,06/29/2012,unhappy,Terminated for Cause,Executive Office,Michael Albert,30,Other,PIP,4.01,5,1,03-02-2015,4,6
"Wilber, Dallas",10741,0,3,0,1,5,2,1,142949,1,25,Software Engineering Manager,RI,83706,08/17/86,F,Separated,US Citizen,No,White,02-01-2007,06-11-2009,N/A-StillEmployed,Voluntarily Terminated,Production       ,Elijiah Gray,16,Website,PIP,1.59,5,2,2/18/2019,3,17
"Gosciminski, Paula",10742,0,3,1,4,6,1,1,83723,1,12,IT Director,RI,2451,03/22/66,M ,Separated,US Citizen,No,White,01/15/2019,06/24/2021,N/A-StillEmployed,Active,Production       ,Michael Albert,30,Website,Fully Meets,2.19,2,4,1/30/2016,2,19
"Patronick, Evelyn",10743,0,3,0,3,1,3,0,135942,0,11,Director of Sales,VT,2135,04/20/85,F,Separated,US Citizen,No,Two or more races,08/21/2011,,N/A-StillEmployed,Voluntarily Terminated,Production       ,Kissy Sullivan,20,On-line Web application,Fully Meets,3.5,1,0,1/14/2019,5,8
"Fernandes, Shana",10744,0,0,1,1,4,1,0,109725,0,13,IT Manager - DB,GA,1844,09/16/85,M ,Single,US Citizen,No,White,12-05-2016,,N/A-StillEmployed,Voluntarily Terminated,Production       ,Eric Dougall,6,Indeed,Fully Meets,2.84,5,3,2/15/2019,5,16
"Dickinson, Tyrone",10745,0,1,1,4,5,4,1,134932,1,1,Accountant I,RI,2045,07-10-1988,M ,Married,US Citizen,No,White,02-08-2016,05-09-2018,N/A-StillEmployed,Active,Sales,Alex Sweetwater,10,Website,PIP,1.79,4,1,2/13/2018,4,2
"Carthy, Adeel",10746,1,0,1,4,2,3,0,146411,0,20,Production Technician II,UT,10171,05-11-1990,M ,Single,US Citizen,No,Black or African American,02/24/2016,,N/A-StillEmployed,Voluntarily Terminated,Production       ,Michael Albert,22,Google Search,PIP,4.64,2,8,01-10-2019,5,12
"Billis, Paula",10747,1,1,1,1,1,2,1,117929,1,23,Shared Services Manager,RI,2093,04/24/70,M ,Married,US Citizen,Yes,White,07/18/2008,12/18/2009,career change,Active,Production       ,Brannon Miller,12,LinkedIn,PIP,4.39,4,8,01-06-2012,2,16
"Bachiochi, Rick",10748,0,2,0,5,3,4,1,98187,0,1,Accountant I,CO,30428,11-05-1978,F,Divorced,US Citizen,No,White,09/17/2010,,N/A-StillEmployed,Voluntarily Terminated,Production       ,Michael Albert,22,Other,Exceeds,2.08,2,7,01-07-2019,5,19
"Burke, Michael  J",10749,0,3,0,3,2,3,1,87707,0,24,Software Engineer,TN,2343,08/15/68,F,Separated,US Citizen,No,White,11/24/2012,,career change,Active,Production       ,David Stanley,14,Employee Referral,PIP,3.12,4,9,2/14/2018,4,20
"Mangal, Michael",10750,1,1,1,2,5,3,0,134095,1,8,Database Administrator,AZ,2050,06/19/61,M ,Married,US Citizen,No,White,01-01-2013,02/18/2015,N/A-StillEmployed,Active,Production       ,David Stanley,14,On-line Web application,Needs Improvement,2.4,3,5,1/14/2019,1,14
"Ngodup, Andrew",10751,0,2,0,1,2,4,0,148546,1,2,Administrative Assistant,CO,2021,03-10-1979,F,Divorced,US Citizen,No,Black or African American,03-05-2011,04/22/2012,N/A-StillEmployed,Voluntarily Terminated,Production       ,Simon Roup,4,Employee Referral,Needs Improvement,4.18,1,2,1/17/2019,4,6
"DiNocco, Jessica",10752,0,2,1,1,1,4,0,129981,0,7,Data Architect,GA,2453,11-07-1958,M ,Divorced,US Citizen,No,White,06-02-2015,,N/A-StillEmployed,Active,Production       ,John Smith,17,LinkedIn,PIP,2.04,2,6,1/16/2019,2,9
"Alagbe, James",10753,0,0,0,3,1,4,0,148211,1,17,Production Manager,ID,1752,06-06-1986,F,Single,US Citizen,No,White,01-10-2014,11/16/2014,N/A-StillEmployed,Active,Production       ,Brandon R. LeBlanc,1,LinkedIn,Needs Improvement,2.01,5,9,01-11-2019,2,10
"Eaton, Maliki",10754,0,4,0,4,5,1,0,141000,1,16,President & CEO,ND,2045,07/18/88,F,Widowed,US Citizen,No,Black or African American,07/31/2019,06/30/2020,N/A-StillEmployed,Active,Production       ,Kissy Sullivan,20,CareerBuilder,Needs Improvement,3.39,3,6,1/17/2019,3,19
"Veera, Sean",10755,1,4,1,3,4,3,0,74495,0,16,President & CEO,NY,2189,05/15/70,M ,Widowed,US Citizen,No,Asian,12/31/2015,,N/A-StillEmployed,Voluntarily Terminated,Production       ,Brian Champaigne,13,CareerBuilder,Needs Improvement,3.16,1,1,2/20/2013,0,12
"Ivey, Charles",10756,0,1,0,4,6,3,0,89345,1,19,Production Technician I,TN,1810,04-04-1986,F,Married,US Citizen,No,Black or African American,03/26/2013,07-12-2014,medical issues,Voluntarily Terminated,Production       ,Kelley Spirea,18,Other,PIP,1.7,3,9,2/14/2019,0,19
"Shields, Alex",10757,1,3,0,4,3,2,1,114143,1,23,Software Engineer,AZ,1730,08/30/79,F,Separated,US Citizen,No,Black or African American,02-11-2015,11-09-2017,N/A-StillEmployed,Active,Admin Offices,Eric Dougall,6,Indeed,Needs Improvement,3.58,4,2,02-02-2015,0,13
"Medeiros, Jennifer",10758,1,2,0,2,1,3,1,69938,1,30,Enterprise Architect,PA,2155,03/31/69,F,Divorced,US Citizen,Yes,White,09-07-2018,05/16/2021,unhappy,Voluntarily Terminated,IT/IS,Brian Champaigne,13,Website,Fully Meets,1.08,3,7,1/22/2019,4,16
"Driver, Miguel",10759,0,1,0,2,5,2,1,69478,0,16,President & CEO,OR,1902,10/31/77,F,Married,US Citizen,No,White,12/30/2011,,N/A-StillEmployed,Active,IT/IS,Michael Albert,30,Other,Fully Meets,1.71,5,1,1/14/2019,0,1
"Leach, Sophia",10760,0,2,1,1,6,1,1,114391,1,4,BI Developer,TN,83706,10-05-1986,M ,Divorced,US Citizen,No,White,08-01-2007,08/25/2008,N/A-StillEmployed,Voluntarily Terminated,Production       ,Simon Roup,4,On-line Web application,Needs Improvement,2.07,5,10,1/30/2019,2,14
"Goble, Boba",10761,0,2,0,1,3,3,0,102719,1,29,Principal Data Architect,CO,2453,07-07-1984,F,Divorced,Eligible NonCitizen,No,White,07/14/2013,03/28/2014,N/A-StillEmployed,Active,Sales,Ketsia Liebig,19,Google Search,Exceeds,1.24,3,9,2/14/2019,5,8
"Turpin, Jessica",10762,0,0,0,1,4,1,1,109267,1,7,Data Architect,KY,2110,08-10-1981,F,Single,US Citizen,No,Black or African American,01-03-2019,11/19/2019,N/A-StillEmployed,Active,Production       ,Janet King,2,Other,Fully Meets,3.96,5,7,04-02-2013,4,5
"Medeiros, Rosalie",10763,1,0,0,2,5,1,1,94024,1,2,Administrative Assistant,UT,2169,12-03-1976,F,Single,US Citizen,No,White,10/16/2010,06/29/2012,N/A-StillEmployed,Active,Production       ,Brandon R. LeBlanc,3,Other,Exceeds,2.28,2,10,01-08-2019,2,5
"Girifalco, Kenneth",10764,0,3,1,3,2,4,0,51959,1,12,IT Director,ID,2110,04/14/81,M ,Separated,US Citizen,No,Black or African American,04/25/2018,12-06-2019,N/A-StillEmployed,Active,Admin Offices,David Stanley,14,Other,PIP,3.65,2,1,01-04-2019,3,19
"Khemmich, Thomas",10765,1,1,1,4,6,3,1,49687,1,29,Principal Data Architect,ME,2134,05-07-1965,M ,Married,US Citizen,No,Black or African American,12-11-2011,07/24/2012,N/A-StillEmployed,Active,Production       ,John Smith,17,Google Search,Exceeds,2.73,2,7,1/30/2019,3,7
"Medeiros, Elle",10766,0,0,0,1,5,3,0,89071,1,8,Database Administrator,VT,1901,07/15/77,F,Single,US Citizen,No,Black or African American,10/31/2012,01/28/2015,medical issues,Active,Production       ,Elijiah Gray,16,Employee Referral,Needs Improvement,2.05,1,10,4/18/2017,2,13
"Lynch, Brandon  R",10767,1,3,1,4,5,4,1,51837,0,23,Software Engineer,GA,37129,08/24/83,M ,Separated,US Citizen,No,White,09-07-2015,,Another position,Voluntarily Terminated,Production       ,Debra Houlihan,15,Google Search,PIP,1.06,1,1,06-03-2013,1,17
"Billis, Keyser",10768,0,4,1,4,5,1,0,92878,0,12,IT Director,ND,2343,05-04-1982,M ,Widowed,US Citizen,No,White,10/29/2010,,N/A-StillEmployed,Active,Production       ,Michael Albert,30,On-line Web application,PIP,4.79,1,5,1/25/2019,1,4
"Langford, Patrick",10769,1,3,0,5,4,3,1,89190,1,8,Database Administrator,OH,1749,06-06-1968,F,Separated,US Citizen,No,White,06-02-2014,01/18/2017,N/A-StillEmployed,Voluntarily Terminated,IT/IS,Kissy Sullivan,20,LinkedIn,Exceeds,4.37,1,4,1/21/2019,4,13
"Motlagh, Alejandro",10770,1,2,0,5,5,4,0,69561,0,17,Production Manager,VA,36006,09/22/70,F,Divorced,US Citizen,No,Asian,02/13/2015,,N/A-StillEmployed,Voluntarily Terminated,Software Engineering,Debra Houlihan,15,LinkedIn,PIP,3.14,2,7,02-01-2015,5,10
"Pelletier, Simon",10771,1,3,1,4,4,4,0,76166,0,6,CIO,TN,2747,10-01-1981,M ,Separated,Non-Citizen,No,Black or African American,07-04-2011,,N/A-StillEmployed,Voluntarily Terminated,Production       ,Kissy Sullivan,20,Employee Referral,Needs Improvement,1.37,3,10,03-06-2011,2,1
"Goeth, Alfred",10772,0,1,0,5,3,4,1,145809,0,27,Sr. DBA,PA,1886,04/24/70,F,Married,US Citizen,Yes,White,08/29/2013,,N/A-StillEmployed,Active,Sales,Lynn Daneault,21,Website,Needs Improvement,1.02,1,5,02-06-2019,2,13
"Newman, Richard",10773,1,0,0,1,3,1,0,134836,0,1,Accountant I,CA,97756,03-10-1979,F,Single,US Citizen,No,Black or African American,06/24/2016,,N/A-StillEmployed,Active,Production       ,Kissy Sullivan,20,Diversity Job Fair,Exceeds,1.35,2,6,01-07-2019,3,0
"Billis, Lauren",10774,0,1,0,2,5,1,0,70037,0,5,BI Director,GA,2747,04-04-1986,F,Married,US Citizen,No,White,12/17/2017,,unhappy,Terminated for Cause,Software Engineering,Eric Dougall,6,On-line Web application,Fully Meets,1.28,3,9,2/24/2016,2,17
"Terry, Ricardo",10775,0,3,0,2,6,3,1,69933,1,1,Accountant I,UT,2134,02-08-1970,F,Separated,US Citizen,No,White,11-07-2009,05/17/2012,maternity leave - did not return,Active,Production       ,Alex Sweetwater,10,Diversity Job Fair,Needs Improvement,4.06,4,9,02-11-2019,4,7
"Sutwell, Rosalie",10776,0,1,0,4,4,3,0,132805,0,1,Accountant I,CT,1460,05/15/87,F,Married,US Citizen,No,White,07-03-2005,,N/A-StillEmployed,Voluntarily Terminated,Production       ,Michael Albert,30,Other,PIP,1.86,2,6,04-09-2017,5,16
"Carr, Xana",10777,0,2,0,4,1,3,0,111301,0,20,Production Technician II,AZ,2066,05/15/87,F,Divorced,US Citizen,No,White,09/26/2012,,N/A-StillEmployed,Voluntarily Terminated,Production       ,Alex Sweetwater,10,Google Search,Exceeds,2.18,1,8,1/14/2019,3,3
"Gonzalez, Nicole",10778,0,3,1,4,5,2,0,141875,0,30,Enterprise Architect,ME,2453,06-10-1984,M ,Separated,US Citizen,No,Asian,03-03-2020,,N/A-StillEmployed,Voluntarily Terminated,Production       ,Kelley Spirea,18,LinkedIn,Exceeds,1.49,2,2,06-03-2013,2,13
"Brown, Tanya",10779,0,0,1,2,1,4,0,102227,0,30,Enterprise Architect,CA,2154,07-11-1981,M ,Single,US Citizen,No,Black or African American,02/23/2021,,N/A-StillEmployed,Active,Production       ,Kelley Spirea,18,LinkedIn,Needs Improvement,2.18,2,0,09-05-2014,2,9
"Lundy, Libby",10780,0,3,0,4,3,1,1,145034,0,23,Shared Services Manager,IN,1844,06/19/61,F,Separated,US Citizen,No,White,08/27/2010,,N/A-StillEmployed,Active,Production       ,Elijiah Gray,16,Diversity Job Fair,Exceeds,1.17,3,8,2/22/2019,3,9
"Maurice, Denisa  S",10781,0,3,0,1,6,1,1,135432,1,13,IT Manager - DB,NC,2451,07-07-1975,F,Separated,US Citizen,No,Asian,06/15/2008,03/21/2009,more money,Voluntarily Terminated,Production       ,Kelley Spirea,18,Website,Fully Meets,2.08,1,10,1/31/2019,5,1
"Fancett, Richard",10782,1,0,0,1,3,2,0,51238,0,20,Production Technician II,VT,2176,06/18/87,F,Single,US Citizen,No,White,08-03-2016,,N/A-StillEmployed,Active,Production       ,Janet King,2,Diversity Job Fair,Needs Improvement,4.99,4,5,02-05-2019,5,9
"Von Massenbach, Kamrin",10783,0,2,0,3,3,3,1,113480,0,1,Accountant I,AL,2109,07-08-1981,F,Divorced,US Citizen,No,White,10-03-2011,,N/A-StillEmployed,Active,Production       ,Ketsia Liebig,19,LinkedIn,Fully Meets,2.15,1,10,03-10-2015,5,20
"Purinton, Elijian",10784,0,0,0,3,3,2,0,108880,0,2,Administrative Assistant,UT,2472,11-07-1974,F,Single,US Citizen,Yes,Black or African American,03/29/2010,,N/A-StillEmployed,Active,Production       ,Brandon R. LeBlanc,3,Website,Exceeds,4.29,5,6,01-10-2019,2,18
"Whittier, Roger",10785,0,4,1,5,1,3,0,98801,0,28,Sr. Network Engineer,KY,1460,11/25/78,M ,Widowed,US Citizen,No,Black or African American,04-07-2009,,N/A-StillEmployed,Terminated for Cause,Sales,Amy Dunn,11,Indeed,Needs Improvement,1.9,2,6,01-04-2015,3,1
"Martin, Jessica",10786,1,3,0,1,4,4,1,52092,0,24,Software Engineer,IN,6033,05/30/68,F,Separated,US Citizen,Yes,White,08/18/2006,,N/A-StillEmployed,Active,Software Engineering,Jennifer Zamora,5,LinkedIn,Needs Improvement,4.23,2,1,2/15/2015,4,4
"Voldemort, Louis",10787,1,0,1,3,4,2,1,62814,1,20,Production Technician II,ND,2458,04/16/81,M ,Single,US Citizen,No,White,05/15/2013,03/13/2016,Another position,Voluntarily Terminated,Software Engineering,Simon Roup,4,Google Search,PIP,2.89,3,5,2/25/2019,3,1
"Myers, Geoff",10788,1,1,1,2,2,1,1,88651,0,9,Data Analyst,VA,1886,04/19/90,M ,Married,US Citizen,No,White,11/20/2011,,N/A-StillEmployed,Active,Production       ,Lynn Daneault,21,Employee Referral,Exceeds,3.61,4,2,1/25/2019,0,19
"Manchester, Simon",10789,1,0,0,3,6,1,0,135231,1,4,BI Developer,ND,2127,05/24/87,F,Single,US Citizen,No,Black or African American,03-07-2009,05-10-2010,return to school,Voluntarily Terminated,Production       ,Brandon R. LeBlanc,3,Employee Referral,Needs Improvement,3.32,5,6,2/15/2015,0,16
"Desimone, Hector",10790,1,0,1,1,6,1,0,89496,0,18,Production Manager,RI,2451,06-10-1984,M ,Single,US Citizen,No,Asian,08/28/2007,,N/A-StillEmployed,Voluntarily Terminated,IT/IS,John Smith,17,Employee Referral,Fully Meets,1.13,2,7,1/24/2019,1,10
"Bates, Melisa",10791,0,4,0,3,6,2,1,94847,1,29,Principal Data Architect,KY,1886,02-09-1972,F,Widowed,US Citizen,No,White,12/30/2007,11/25/2010,N/A-StillEmployed,Active,Production       ,Brian Champaigne,13,LinkedIn,Exceeds,4.04,3,8,1/29/2019,3,8
"Sparks, Lindsay",10792,0,0,0,2,3,1,1,80572,0,2,Administrative Assistant,NH,2451,05-11-1990,F,Single,US Citizen,No,White,07/24/2018,,attendance,Voluntarily Terminated,Production       ,Brannon Miller,12,LinkedIn,Fully Meets,3.27,5,7,02-06-2019,3,13
"Ait Sidi, Bartholemew",10793,0,4,1,4,1,1,1,149057,0,27,Sr. DBA,NH,2050,01/28/85,M ,Widowed,US Citizen,No,White,12-03-2011,,career change,Active,Production       ,Michael Albert,30,On-line Web application,Exceeds,1.33,1,6,5/15/2014,4,8
"Cloninger, Jason",10794,1,2,1,4,1,1,0,132444,0,23,Shared Services Manager,OR,21851,01-07-1987,M ,Divorced,US Citizen,No,White,03-03-2007,,N/A-StillEmployed,Active,Sales,Debra Houlihan,15,LinkedIn,PIP,2.34,3,1,1/14/2019,1,10
"Dickinson, Beatrice",10795,1,3,0,5,5,1,1,97560,0,4,BI Developer,NC,2169,05-09-1977,F,Separated,US Citizen,No,White,01/22/2016,,N/A-StillEmployed,Active,Production       ,Brannon Miller,12,On-line Web application,Needs Improvement,3.37,3,4,04-12-2012,3,12
"Linares, Catherine",10796,1,1,1,2,2,4,0,145986,0,28,Sr. Network Engineer,OH,1810,05-09-1965,M ,Married,US Citizen,No,Asian,07/18/2015,,N/A-StillEmployed,Voluntarily Terminated,Production       ,Lynn Daneault,21,Diversity Job Fair,Needs Improvement,1.64,3,6,1/25/2019,1,0
"Anderson, Bianca",10797,0,4,0,4,4,1,0,123212,0,3,Area Sales Manager,MT,2330,08/26/86,F,Widowed,US Citizen,No,Asian,06-08-2014,,unhappy,Active,Production       ,Jennifer Zamora,5,Google Search,Exceeds,3.88,5,5,2/13/2018,1,12
"Gaul, Brad",10798,1,2,0,3,6,3,1,51782,0,14,IT Support,OH,2493,10/26/81,F,Divorced,US Citizen,No,White,06/19/2009,,N/A-StillEmployed,Active,Production       ,John Smith,17,Other,PIP,4.4,2,10,01-02-2019,4,15
"Nowlan, Taisha",10799,0,1,0,4,6,4,0,91680,1,25,Software Engineering Manager,ID,2126,04/17/86,F,Married,US Citizen,No,White,12-03-2013,06/18/2015,career change,Voluntarily Terminated,Production       ,Jennifer Zamora,5,CareerBuilder,Fully Meets,1.68,5,8,2/25/2019,2,2
"Shepard, Michael",10800,0,3,1,1,4,2,1,144183,0,23,Shared Services Manager,ID,2330,08-12-1979,M ,Separated,US Citizen,No,Black or African American,09/25/2012,,hours,Active,Production       ,Janet King,2,Other,Fully Meets,1.75,5,3,1/14/2019,2,18
"Morway, Barbara  M",10801,0,4,1,2,5,2,1,109978,0,11,Director of Sales,VA,78789,04/23/86,M ,Widowed,US Citizen,No,Asian,02-02-2011,,N/A-StillEmployed,Voluntarily Terminated,Production       ,John Smith,17,Employee Referral,Exceeds,2.37,4,7,02-04-2016,4,18
"Sewkumar, Christie",10802,0,3,1,1,4,2,0,48854,1,11,Director of Sales,GA,6033,08/24/85,M ,Separated,US Citizen,No,White,08/19/2009,08/29/2010,N/A-StillEmployed,Active,Production       ,Eric Dougall,6,Website,Exceeds,4.95,3,9,2/13/2019,4,15
"Ndzi, Edward",10803,1,1,1,4,5,3,0,106736,0,9,Data Analyst ,UT,33174,01-07-1988,M ,Married,US Citizen,No,Two or more races,03-06-2009,,N/A-StillEmployed,Active,Sales,Peter Monroe,7,Diversity Job Fair,PIP,4.09,3,4,2/20/2014,4,18
"Navathe, Alex",10804,0,1,0,3,6,4,0,143778,0,14,IT Support,CA,2189,09/22/76,F,Married,US Citizen,No,Black or African American,09-02-2009,,return to school,Active,Production       ,Michael Albert,22,Website,Fully Meets,2.23,2,10,1/16/2019,5,1
"Onque, Giovanni",10805,0,2,1,3,4,3,0,130431,0,27,Sr. DBA,IN,2184,04/19/67,M ,Divorced,US Citizen,No,Two or more races,10/17/2009,,N/A-StillEmployed,Terminated for Cause,Software Engineering,Debra Houlihan,15,Other,Fully Meets,3.8,5,10,2/22/2019,4,6
"Moumanil, Vincent",10806,0,1,1,1,4,2,1,98308,0,24,Software Engineer,KY,2189,10/31/77,M ,Married,US Citizen,No,White,07-11-2015,,N/A-StillEmployed,Voluntarily Terminated,Production       ,David Stanley,14,Diversity Job Fair,Needs Improvement,1.57,2,6,1/17/2019,4,2
"Kampew, Amy",10807,0,0,1,4,5,4,0,95037,1,7,Data Architect,MA,1886,02/24/79,M ,Single,US Citizen,No,Black or African American,04/27/2009,07-10-2010,N/A-StillEmployed,Active,Production       ,Jennifer Zamora,5,Website,PIP,3.43,3,5,05-06-2016,4,2
"Stansfield, Hannibal",10808,1,2,0,3,5,3,0,91953,1,23,Software Engineer,NY,2493,02/21/84,F,Divorced,US Citizen,No,Black or African American,04-01-2019,05/17/2021,N/A-StillEmployed,Voluntarily Terminated,IT/IS,Michael Albert,30,On-line Web application,Fully Meets,1.8,4,7,03-04-2013,1,18
"Brown, Taylor",10809,1,2,1,3,4,1,1,112653,1,17,Production Manager,VT,78230,11/15/76,M ,Divorced,Eligible NonCitizen,No,White,08-06-2014,10-01-2014,N/A-StillEmployed,Terminated for Cause,Production       ,Eric Dougall,6,Indeed,PIP,2.99,1,9,1/17/2019,3,15
"Perry, Alfred",10810,1,3,0,4,6,4,0,100161,0,13,IT Manager - DB,OH,2189,01/18/52,F,Separated,US Citizen,No,Black or African American,11-11-2017,,"no-call, no-show",Active,Production       ,Lynn Daneault,21,On-line Web application,Exceeds,1.37,4,8,03-06-2011,1,14
"Brown, Rosalie",10811,1,2,0,2,5,2,0,130670,0,19,Production Technician I,AZ,30428,05/19/82,F,Divorced,US Citizen,No,Asian,03/28/2012,,"no-call, no-show",Active,Production       ,Ketsia Liebig,19,Other,Needs Improvement,3.26,2,0,2/20/2013,0,4
"Baczenski, Phil",10812,1,0,0,3,6,4,1,116403,0,3,Area Sales Manager,GA,2324,10/23/71,F,Single,US Citizen,No,White,10/26/2016,,N/A-StillEmployed,Active,Production       ,Board of Directors,9,Diversity Job Fair,Exceeds,1.05,4,6,2/14/2019,1,7
"Mancuso, Debbie",10813,0,2,1,3,3,4,0,127823,0,20,Production Technician II,MA,1460,05-12-1989,M ,Divorced,US Citizen,No,White,11/24/2013,,N/A-StillEmployed,Active,Executive Office,Brandon R. LeBlanc,3,Website,Fully Meets,2.06,4,9,2/26/2019,3,20
"Dobrin, Jason",10814,0,3,0,5,6,2,1,70983,0,21,Sales Manager,VT,2148,10/31/77,F,Separated,US Citizen,No,White,11/30/2007,,N/A-StillEmployed,Active,Production       ,John Smith,17,CareerBuilder,Fully Meets,2,5,9,01-02-2012,0,20
"Steans, George",10815,0,0,0,5,6,2,0,83389,1,4,BI Developer,NY,2110,05-06-1989,F,Single,Eligible NonCitizen,No,White,04/30/2010,10-06-2011,N/A-StillEmployed,Voluntarily Terminated,IT/IS,Kissy Sullivan,20,CareerBuilder,Exceeds,2.87,1,0,01-07-2012,0,12
"Jung, Thomas",10816,1,2,1,3,3,3,0,136161,1,27,Sr. DBA,OR,1450,06-06-1986,M ,Divorced,US Citizen,No,Two or more races,10/16/2009,12/29/2009,hours,Active,IT/IS,Brandon R. LeBlanc,1,Indeed,Fully Meets,4.09,5,1,1/25/2019,4,19
"Ferguson, Barbara",10817,1,1,1,4,1,2,1,68554,0,14,IT Support,CT,84111,05/21/87,M ,Married,US Citizen,Yes,White,12-12-2014,,N/A-StillEmployed,Active,IT/IS,Ketsia Liebig,19,Indeed,Fully Meets,1.92,5,2,2/25/2019,1,0
"Peterson, Anita",10818,1,2,0,1,3,3,0,107745,0,10,Director of Operations,TN,1886,09/15/85,F,Divorced,US Citizen,No,White,11/27/2012,,Another position,Active,Sales,Brandon R. LeBlanc,1,Indeed,Exceeds,4.21,5,5,1/28/2019,3,0
"Smith, Noelle",10819,0,2,0,1,2,1,1,132958,0,4,BI Developer,ID,2747,10-01-1981,F,Divorced,US Citizen,No,White,08/15/2009,,retiring,Active,Software Engineering,Alex Sweetwater,10,CareerBuilder,Needs Improvement,3.2,5,0,1/23/2019,4,0
"Blount, Bartholemew",10820,1,2,1,2,3,1,1,65988,0,8,Database Administrator,NY,2472,06/19/61,M ,Divorced,US Citizen,No,Black or African American,07-01-2013,,N/A-StillEmployed,Active,Sales,Simon Roup,4,LinkedIn,PIP,3.81,5,8,03-04-2014,4,11
"Good, Shana",10821,1,4,1,5,6,2,1,66991,1,30,Enterprise Architect,ND,2134,02/24/79,M ,Widowed,US Citizen,No,White,03/16/2013,07/21/2015,N/A-StillEmployed,Active,Production       ,Board of Directors,9,Employee Referral,Exceeds,1.68,5,9,5/15/2012,1,4
"Dobrin, Nori",10822,1,4,0,4,1,1,1,138494,0,12,IT Director,TN,2126,05/23/91,F,Widowed,US Citizen,No,White,01-08-2012,,N/A-StillEmployed,Voluntarily Terminated,IT/IS,Eric Dougall,6,LinkedIn,PIP,4.32,1,7,01-04-2019,1,17
"Jackson, Yen",10823,1,2,0,3,2,1,0,67605,1,14,IT Support,WA,2045,06/14/87,F,Divorced,US Citizen,No,White,04-11-2014,07/24/2016,unhappy,Active,Admin Offices,Michael Albert,30,Other,Fully Meets,3.15,2,10,01-04-2019,0,2
"Salter, Alex",10824,1,2,1,4,6,3,0,148721,0,5,BI Director,AL,1960,02-11-1970,M ,Divorced,Eligible NonCitizen,No,White,03-12-2018,,N/A-StillEmployed,Active,Production       ,Elijiah Gray,16,CareerBuilder,PIP,4.12,4,3,1/16/2019,3,19
"Hendrickson, Ricardo",10825,0,1,0,4,3,3,0,92265,0,29,Principal Data Architect,NH,1902,12-08-1973,F,Married,Eligible NonCitizen,Yes,White,12/20/2019,,N/A-StillEmployed,Active,Production       ,Michael Albert,22,Website,Fully Meets,2.8,4,7,04-12-2018,1,11
"Rhoads, Max",10826,1,1,0,4,1,2,1,68823,0,30,Enterprise Architect,KY,1749,06-10-1984,F,Married,US Citizen,No,White,05/21/2007,,N/A-StillEmployed,Voluntarily Terminated,Production       ,Janet King,2,Diversity Job Fair,Exceeds,3.48,3,0,1/14/2019,2,20
"Huynh, Erasumus",10827,0,4,1,5,5,2,0,136635,0,1,Accountant I,VT,1450,10-11-1981,M ,Widowed,US Citizen,No,White,11/23/2012,,performance,Active,Production       ,Michael Albert,22,On-line Web application,PIP,4.92,2,3,1/14/2019,5,16
"Gross, Judith",10828,1,3,0,5,1,2,0,45212,1,3,Area Sales Manager,VT,2155,02/25/51,F,Separated,US Citizen,No,White,10/17/2007,05/20/2008,return to school,Voluntarily Terminated,Production       ,David Stanley,14,Other,Needs Improvement,3.37,4,6,03-04-2013,5,10
"Manchester, Barbara",10829,1,2,1,3,5,1,0,126632,0,12,IT Director,OH,2134,08/17/86,M ,Divorced,US Citizen,No,White,08-11-2015,,N/A-StillEmployed,Active,IT/IS,Peter Monroe,7,Google Search,Fully Meets,4.52,1,7,3/30/2013,2,16
"Chang, Allison",10830,0,4,1,2,1,2,1,113670,0,13,IT Manager - Infra,NV,2132,08/17/86,M ,Widowed,US Citizen,No,White,11/17/2013,,N/A-StillEmployed,Voluntarily Terminated,Production       ,Elijiah Gray,16,LinkedIn,PIP,4.55,4,4,1/14/2019,4,11
"LaRotonda, Lauren",10831,0,0,0,2,4,3,1,124392,0,10,Director of Operations,NC,1890,03-06-1988,F,Single,US Citizen,No,Black or African American,09/22/2010,,N/A-StillEmployed,Terminated for Cause,Admin Offices,Janet King,2,Google Search,Exceeds,1.3,2,9,1/17/2019,2,16
"Thibaud, Judy",10832,1,3,0,3,3,4,1,120323,0,27,Sr. DBA,VT,2045,04-04-1987,F,Separated,US Citizen,No,Black or African American,08/31/2015,,return to school,Voluntarily Terminated,IT/IS,Brandon R. LeBlanc,3,Other,PIP,2.54,1,9,1/24/2019,4,0
"Warfield, Mei",10833,1,2,1,2,4,3,0,91858,1,20,Production Technician II,VT,2452,08-09-1983,M ,Divorced,US Citizen,No,White,06/29/2012,05/26/2013,N/A-StillEmployed,Voluntarily Terminated,Production       ,John Smith,17,On-line Web application,Fully Meets,2.84,1,9,1/17/2019,3,10
"Chigurh, Julia",10834,0,3,1,3,1,3,0,148958,0,3,Area Sales Manager,GA,1420,07-01-1972,M ,Separated,US Citizen,No,Black or African American,02/21/2006,,N/A-StillEmployed,Active,Production       ,Michael Albert,22,Indeed,PIP,2.94,1,7,4/19/2014,5,9
"Tippett, Kenneth",10835,1,4,1,5,1,3,1,84789,0,10,Director of Operations,TN,2747,04/26/86,M ,Widowed,US Citizen,No,White,12-09-2016,,N/A-StillEmployed,Active,Production       ,Michael Albert,22,CareerBuilder,Exceeds,2.55,3,4,1/14/2019,5,6
"Nguyen, Tommy",10836,0,4,1,1,3,3,0,111359,1,13,IT Manager - Infra,FL,1844,12/27/58,M ,Widowed,US Citizen,Yes,Asian,05-09-2013,02-12-2016,Another position,Active,IT/IS,Alex Sweetwater,10,On-line Web application,Fully Meets,1.55,2,1,07-02-2013,0,18
"Theamstern, Colleen",10837,0,1,0,1,2,2,1,90761,0,29,Principal Data Architect,FL,2458,10-05-1986,F,Married,US Citizen,No,White,08-04-2013,,N/A-StillEmployed,Active,Production       ,Board of Directors,9,On-line Web application,Fully Meets,4.1,5,5,1/24/2019,0,7
"Del Bosque, Biff",10838,0,1,1,3,1,1,0,103999,0,29,Principal Data Architect,MA,2458,07-05-1980,M ,Married,US Citizen,yes,White,08-10-2005,,N/A-StillEmployed,Active,Production       ,Kissy Sullivan,20,Employee Referral,Fully Meets,4.74,1,7,1/18/2019,4,8
"Robertson, Adell",10839,0,2,1,4,2,4,0,124513,1,18,Production Manager,WA,2109,07/15/77,M ,Divorced,US Citizen,No,Black or African American,10/18/2008,05/31/2010,Another position,Active,IT/IS,David Stanley,14,Other,Needs Improvement,1.7,2,0,2/27/2019,0,18
"Anderson, Max",10840,0,3,1,5,1,2,0,80630,1,12,IT Director,MA,1960,03-02-1980,M ,Separated,US Citizen,No,White,08/29/2014,07/13/2017,Another position,Terminated for Cause,Sales,Ketsia Liebig,19,Indeed,Fully Meets,3.65,1,10,1/30/2019,5,3
"Ndzi, Jasmine",10841,1,0,0,1,3,1,1,42121,0,23,Software Engineer,TN,4063,07/18/89,F,Single,US Citizen,yes,Two or more races,08/16/2010,,maternity leave - did not return,Voluntarily Terminated,Production       ,Elijiah Gray,16,Employee Referral,PIP,2.44,4,0,1/15/2019,5,7
"Billis, Lynn",10842,1,4,0,1,5,3,0,47558,0,6,CIO,ND,2176,03/28/78,F,Widowed,US Citizen,No,Asian,10/27/2009,,N/A-StillEmployed,Active,Production       ,Lynn Daneault,21,Diversity Job Fair,Fully Meets,1.7,3,3,1/28/2019,0,2
"Estremera, Ashley",10843,1,3,1,4,6,1,0,104163,1,29,Principal Data Architect,CT,2451,06/14/87,M ,Separated,Eligible NonCitizen,Yes,White,10-09-2009,07/27/2012,N/A-StillEmployed,Active,Sales,David Stanley,14,Website,Exceeds,2.59,3,0,01-03-2019,2,12
"Lajiri, Jason",10844,0,2,0,4,6,2,0,64155,0,9,Data Analyst,AZ,2184,07-07-1984,F,Divorced,Non-Citizen,No,Black or African American,08-06-2014,,N/A-StillEmployed,Active,Production       ,Brandon R. LeBlanc,1,CareerBuilder,PIP,1.33,4,9,01-02-2012,4,9
"Cloninger, Phil",10845,1,0,0,4,2,4,0,148711,1,20,Production Technician II,MT,2030,04/18/80,F,Single,US Citizen,No,White,08/26/2010,04/26/2011,N/A-StillEmployed,Active,IT/IS,Debra Houlihan,15,LinkedIn,PIP,2.54,3,1,1/18/2019,4,12
"Monkfish, Geoff",10846,1,0,0,3,1,3,1,69551,0,12,IT Director,OH,2176,07-08-1981,F,Single,US Citizen,No,Black or African American,12/26/2010,,N/A-StillEmployed,Active,Production       ,Elijiah Gray,16,On-line Web application,Exceeds,4.78,5,10,02-06-2019,3,0
"Manchester, Nore",10847,0,2,0,4,6,1,0,110399,0,3,Area Sales Manager,IN,2122,03-02-1980,F,Divorced,US Citizen,No,White,11/13/2011,,N/A-StillEmployed,Active,Production       ,Amy Dunn,11,LinkedIn,Needs Improvement,2.86,4,10,02-03-2016,0,10
"Osturnka, Adil",10848,1,3,0,1,4,3,0,49433,1,23,Software Engineer,VA,1545,05/15/70,F,Separated,US Citizen,No,White,08-07-2012,06-08-2013,N/A-StillEmployed,Active,IT/IS,John Smith,17,Website,Needs Improvement,2.03,5,6,05-06-2016,5,15
"Tredinnick, Anita",10849,1,1,1,1,5,1,1,149422,0,27,Sr. DBA,VT,1721,03/31/69,M ,Married,US Citizen,No,White,03-02-2018,,N/A-StillEmployed,Voluntarily Terminated,IT/IS,Jennifer Zamora,5,CareerBuilder,PIP,4.57,3,1,05-01-2016,5,8
"Biden, Brian",10850,1,3,0,2,5,1,1,139910,1,6,CIO,TX,3062,06/18/92,F,Separated,US Citizen,No,Black or African American,11-09-2006,01/15/2007,retiring,Voluntarily Terminated,IT/IS,Peter Monroe,7,On-line Web application,PIP,4.69,5,8,1/15/2019,4,16
"Monterro, Jason",10851,0,4,0,3,3,4,1,52768,0,27,Sr. DBA,GA,1890,05/30/68,F,Widowed,US Citizen,Yes,White,07/18/2017,,N/A-StillEmployed,Active,Production       ,Alex Sweetwater,10,Website,PIP,2.33,1,6,09-02-2015,1,13
"Houlihan, Elijian",10852,0,1,0,4,3,4,0,99409,1,14,IT Support,NY,78789,04/26/86,F,Married,US Citizen,Yes,White,12-05-2013,10/24/2016,return to school,Active,Production       ,Webster Butler,39,Google Search,Fully Meets,4.19,5,5,1/20/2015,0,10
"Eaton, Alexandra",10853,0,4,0,2,3,4,0,116198,1,6,CIO,TX,33174,08/19/77,F,Widowed,US Citizen,Yes,White,02-11-2010,07/24/2011,N/A-StillEmployed,Terminated for Cause,Production       ,David Stanley,14,Employee Referral,Fully Meets,1.52,1,1,1/30/2019,1,17
"Booth, Caroline",10854,0,3,1,5,5,4,1,130326,0,10,Director of Operations,OR,2170,06/18/87,M ,Separated,US Citizen,No,Asian,05-03-2016,,N/A-StillEmployed,Active,Production       ,Brandon R. LeBlanc,1,Website,Fully Meets,1.6,3,10,8/16/2015,4,19
"Ngodup, Joelle",10855,0,1,1,5,3,2,1,108738,1,15,Network Engineer,WA,2128,06/14/83,M ,Married,US Citizen,No,White,05/23/2008,08-03-2008,N/A-StillEmployed,Voluntarily Terminated,Production       ,Kelley Spirea,18,CareerBuilder,Fully Meets,2.57,5,1,1/17/2019,1,4
"Davis, Debra",10856,1,1,0,1,2,1,0,60320,0,21,Sales Manager,TN,2119,12/31/84,F,Married,US Citizen,No,White,11/21/2015,,N/A-StillEmployed,Voluntarily Terminated,Production       ,Eric Dougall,6,Website,PIP,1.29,2,6,2/25/2019,4,18
"Dobrin, Debbie",10857,0,0,1,2,2,3,1,98717,0,27,Sr. DBA,OR,1040,02-09-1972,M ,Single,US Citizen,No,White,07/18/2010,,N/A-StillEmployed,Voluntarily Terminated,Production       ,David Stanley,14,LinkedIn,Exceeds,4.75,3,2,1/17/2019,0,19
"Smith, Elijiah",10858,0,2,0,1,3,4,0,45608,0,21,Sales Manager,UT,2493,09/27/88,F,Divorced,US Citizen,No,White,07/23/2008,,N/A-StillEmployed,Active,Production       ,Michael Albert,22,LinkedIn,Needs Improvement,1.06,1,3,3/30/2013,4,16
"Hankard, Jackie",10859,1,2,0,2,1,2,1,74787,1,13,IT Manager - Support,MT,2170,06-03-1986,F,Divorced,US Citizen,No,Black or African American,08-10-2011,03/13/2012,military,Voluntarily Terminated,Production       ,Lynn Daneault,21,LinkedIn,Fully Meets,2.23,2,1,1/15/2015,4,12
"Fernandes, Courtney",10860,0,3,1,3,2,3,1,139205,0,1,Accountant I,VT,1749,04/26/84,M ,Separated,US Citizen,No,White,11-08-2014,,N/A-StillEmployed,Active,Production       ,Lynn Daneault,21,Google Search,PIP,2.07,4,7,02-04-2019,3,4
"Cole, Judith",10861,1,1,1,5,3,1,1,59564,0,6,CIO,VT,2027,11/28/73,M ,Married,US Citizen,No,Black or African American,12-08-2014,,N/A-StillEmployed,Voluntarily Terminated,Production       ,Amy Dunn,11,Website,PIP,2.82,1,5,1/31/2019,5,9
"Fancett, Lucas",10862,1,0,1,5,2,1,0,142427,0,7,Data Architect,NV,1776,07-09-1970,M ,Single,US Citizen,No,White,11/29/2018,,N/A-StillEmployed,Active,Software Engineering,Webster Butler,39,Indeed,Fully Meets,3.81,4,9,1/31/2019,0,4
"Gonzalez, Kristen",10863,0,2,1,3,2,1,0,141906,1,14,IT Support,VT,2360,04/20/85,M ,Divorced,US Citizen,Yes,Black or African American,03-09-2009,01/13/2012,N/A-StillEmployed,Active,Production       ,Peter Monroe,7,CareerBuilder,Needs Improvement,1.74,3,4,1/30/2019,3,1
"Carter, Hans",10864,0,3,0,2,4,1,1,59783,0,18,Production Manager,CA,2030,09-05-1981,F,Separated,US Citizen,No,Black or African American,10/20/2012,,more money,Voluntarily Terminated,Production       ,Kelley Spirea,18,Indeed,Exceeds,4.43,3,7,1/14/2019,4,6
"Linden, Alain",10865,1,2,1,3,6,1,0,65081,0,22,Senior BI Developer,FL,2155,11/25/78,M ,Divorced,US Citizen,No,White,09-07-2016,,N/A-StillEmployed,Active,IT/IS,Lynn Daneault,21,Indeed,Needs Improvement,1.35,5,9,1/15/2019,2,20
"Onque, April",10866,0,1,0,3,4,4,1,111570,0,3,Area Sales Manager,UT,1902,08/15/68,F,Married,US Citizen,no,Black or African American,02/16/2009,,N/A-StillEmployed,Active,Production       ,Kelley Spirea,18,On-line Web application,PIP,2.92,2,5,1/22/2019,1,20
"Champaigne, Josephine",10867,1,4,0,5,5,3,1,105185,0,23,Software Engineer,PA,1749,07/28/83,F,Widowed,US Citizen,No,White,08/25/2012,,N/A-StillEmployed,Active,Production       ,Lynn Daneault,21,Diversity Job Fair,Needs Improvement,2.26,3,0,1/17/2019,3,7
"Carey, Juan",10868,1,0,0,1,4,3,1,60224,1,13,IT Manager - Infra,PA,2050,03/18/87,F,Single,US Citizen,No,Black or African American,10/13/2019,04/16/2022,return to school,Active,IT/IS,Simon Roup,4,Google Search,Needs Improvement,2.25,1,7,02-12-2019,0,7
"Theamstern, Maliki",10869,0,2,0,2,1,4,0,107234,0,5,BI Director,NC,2132,01-07-1985,F,Divorced,US Citizen,No,Black or African American,02/15/2006,,performance,Voluntarily Terminated,IT/IS,Michael Albert,22,Google Search,Needs Improvement,3.61,3,9,02-11-2019,5,8
"Newman, Geoff",10870,1,3,1,1,4,4,1,82738,1,14,IT Support,RI,2189,03-06-1988,M ,Separated,US Citizen,No,White,04/15/2017,08-07-2017,attendance,Active,IT/IS,Kissy Sullivan,20,CareerBuilder,Exceeds,1.37,3,10,2/18/2019,2,11
"Cockel, George",10871,0,1,0,4,3,2,1,117202,0,28,Sr. Network Engineer,RI,2121,01/31/87,F,Married,US Citizen,No,White,12-12-2010,,career change,Active,Production       ,Brandon R. LeBlanc,1,Employee Referral,Exceeds,1.14,2,0,10/22/2011,1,14
"Bernstein, Bradley  J",10872,0,1,0,5,4,3,1,58318,0,22,Senior BI Developer,WA,2458,05/15/87,F,Married,US Citizen,No,White,03-12-2013,,N/A-StillEmployed,Voluntarily Terminated,Sales,Webster Butler,39,On-line Web application,Needs Improvement,3.04,2,8,1/16/2019,0,12
"Stanford, Alain",10873,0,2,0,3,3,3,0,75608,0,13,IT Manager - DB,TX,1810,08-12-1979,F,Divorced,Eligible NonCitizen,No,White,12/15/2013,,N/A-StillEmployed,Terminated for Cause,Software Engineering,Kelley Spirea,18,Indeed,PIP,1.89,3,1,1/18/2019,5,16
"Cross, Alex",10874,0,2,0,3,2,1,1,99487,0,9,Data Analyst,OR,2128,07-09-1970,F,Divorced,US Citizen,No,White,11/18/2009,,unhappy,Voluntarily Terminated,Production       ,Debra Houlihan,15,Website,Exceeds,2.95,2,6,2/18/2019,3,13
"Linden, Kramer",10875,0,1,0,4,1,1,1,110038,0,23,Shared Services Manager,ME,2763,02-09-1969,F,Married,Eligible NonCitizen,Yes,White,07-12-2008,,N/A-StillEmployed,Active,Production       ,Brian Champaigne,13,LinkedIn,Fully Meets,4.58,2,7,2/13/2019,1,15
"Oliver, Maryellen",10876,1,4,1,3,4,2,1,139096,0,19,Production Technician I,ND,2062,05/21/87,M ,Widowed,US Citizen,Yes,Black or African American,03-07-2012,,N/A-StillEmployed,Active,Sales,Jennifer Zamora,5,CareerBuilder,Needs Improvement,4.4,4,6,01-10-2013,5,4
"Desimone, Kurt",10877,0,0,0,1,5,2,0,134860,0,24,Software Engineer,GA,2453,10-05-1986,F,Single,Eligible NonCitizen,No,White,11/23/2014,,career change,Active,IT/IS,Peter Monroe,7,Website,Exceeds,2.72,5,9,02-01-2019,0,1
"Close, Leonara",10878,0,1,0,1,4,1,1,123193,0,7,Data Architect,VA,2176,05-05-1988,F,Married,US Citizen,No,Black or African American,08-04-2014,,N/A-StillEmployed,Active,Production       ,Simon Roup,4,Google Search,Needs Improvement,4.72,4,7,1/28/2019,5,13
"Wallace, Anthony",10879,1,3,0,4,6,1,1,76500,0,23,Shared Services Manager,AL,2176,11/23/85,F,Separated,US Citizen,No,Asian,03/14/2008,,N/A-StillEmployed,Active,IT/IS,Janet King,2,Diversity Job Fair,Needs Improvement,2.19,1,10,04-06-2017,2,15
"Trzeciak, Joe",10880,1,0,0,3,4,4,0,40359,0,17,Production Manager,TN,2134,09/15/85,F,Single,US Citizen,No,White,02/16/2007,,N/A-StillEmployed,Active,Production       ,Janet King,2,On-line Web application,PIP,1.97,2,1,1/28/2019,0,9
"Rivera, Nader",10881,1,0,0,3,3,3,1,67959,0,4,BI Developer,ID,2343,12-08-1983,F,Single,US Citizen,No,Asian,01/30/2014,,unhappy,Active,Production       ,John Smith,17,Google Search,Fully Meets,2.2,5,4,2/15/2019,1,19
"Brill, Rose",10882,0,1,1,1,1,1,1,55538,1,3,Area Sales Manager,OH,2148,02-02-1980,M ,Married,US Citizen,No,White,01/28/2015,11/24/2015,N/A-StillEmployed,Active,Sales,Board of Directors,9,CareerBuilder,Fully Meets,2.07,2,5,2/13/2019,0,3
"Handschiegl, Hans",10883,0,4,1,5,1,2,1,79665,0,13,IT Manager - DB,OH,2067,09/30/75,M ,Widowed,US Citizen,No,Black or African American,08/14/2018,,N/A-StillEmployed,Terminated for Cause,Production       ,Elijiah Gray,16,On-line Web application,Needs Improvement,3.2,4,8,2/22/2019,3,4
"Shepard, Earnest",10884,1,3,0,4,3,1,1,121387,0,19,Production Technician I,CA,1844,08/29/88,F,Separated,US Citizen,No,Black or African American,10/21/2008,,N/A-StillEmployed,Active,Production       ,Michael Albert,30,LinkedIn,PIP,4.33,3,1,1/29/2019,4,15
"Guilianno, Ashley",10885,1,0,1,2,4,1,0,59559,0,29,Principal Data Architect,NV,1450,11-08-1983,M ,Single,US Citizen,No,White,01/30/2018,,N/A-StillEmployed,Active,Production       ,Michael Albert,30,Website,Fully Meets,2.02,3,7,5/15/2014,0,6
"Forrest, Roxana",10886,0,2,0,3,4,3,0,64650,0,17,Production Manager,NY,1730,11-05-1978,F,Divorced,US Citizen,No,White,09-11-2016,,N/A-StillEmployed,Active,Production       ,Peter Monroe,7,Employee Referral,Exceeds,1.23,4,6,05-03-2012,2,17
"Roberson, Carla",10887,0,4,1,2,1,1,0,146583,1,5,BI Director,TX,2132,03-02-1980,M ,Widowed,US Citizen,No,Black or African American,07/27/2010,07/16/2011,attendance,Active,Production       ,Board of Directors,9,CareerBuilder,Needs Improvement,2.04,1,6,2/24/2016,3,6
"Alagbe, Ming",10888,0,4,0,4,4,1,1,44195,0,29,Principal Data Architect,AZ,2451,07-11-1989,F,Widowed,US Citizen,No,Black or African American,09/30/2009,,N/A-StillEmployed,Active,Production       ,Kissy Sullivan,20,Website,Fully Meets,2.27,1,7,1/25/2019,3,13
"Tavares, Hannibal",10889,0,0,1,2,3,2,0,86753,0,3,Area Sales Manager,CO,1760,10/30/69,M ,Single,US Citizen,No,Black or African American,12-09-2021,,N/A-StillEmployed,Active,Production       ,Debra Houlihan,15,CareerBuilder,PIP,3.02,5,0,02-12-2019,0,11
"Del Bosque, Brooke",10890,1,0,1,3,6,1,1,58714,1,6,CIO,ID,2140,06/14/87,M ,Single,US Citizen,No,Black or African American,06/22/2009,04/24/2011,"no-call, no-show",Active,Sales,Brandon R. LeBlanc,3,Diversity Job Fair,Needs Improvement,2.89,3,4,03-10-2015,1,19
"Petrowsky, Dianna",10891,1,4,0,3,5,3,1,147539,0,18,Production Manager,OH,2143,01/19/76,F,Widowed,US Citizen,No,Black or African American,09-07-2006,,N/A-StillEmployed,Voluntarily Terminated,Sales,Ketsia Liebig,19,LinkedIn,Fully Meets,4.34,2,4,02-12-2017,2,6
"Bugali, Ming",10892,0,2,1,3,5,1,0,136133,0,23,Shared Services Manager,UT,2125,06-03-1967,M ,Divorced,US Citizen,No,Black or African American,09-04-2014,,attendance,Voluntarily Terminated,Production       ,Brandon R. LeBlanc,3,Indeed,Exceeds,2.93,3,8,01-07-2019,4,8
"Zima, Rex",10893,0,1,1,5,6,3,1,41388,0,25,Software Engineering Manager,AZ,2703,10-10-1968,M ,Married,US Citizen,No,Black or African American,02-08-2019,,maternity leave - did not return,Active,Production       ,John Smith,17,Other,PIP,3.95,2,9,01-07-2019,4,6
"Cady, Mei",10894,0,4,1,1,5,2,0,139078,0,4,BI Developer,CO,2128,06/14/87,M ,Widowed,US Citizen,No,Black or African American,03/18/2011,,N/A-StillEmployed,Active,Production       ,Elijiah Gray,16,Other,Fully Meets,1.02,1,5,1/22/2019,5,19
"Tredinnick, Brandon  R",10895,1,0,1,5,2,3,0,130006,0,16,President & CEO,NH,2189,10/18/81,M ,Single,US Citizen,No,Two or more races,04/19/2010,,N/A-StillEmployed,Voluntarily Terminated,Production       ,Amy Dunn,11,On-line Web application,Needs Improvement,2.45,4,8,02-01-2016,3,8
"Harrison, James",10896,1,1,0,2,6,2,1,67828,0,14,IT Support,ID,2134,05-07-1965,F,Married,US Citizen,No,White,06-10-2006,,N/A-StillEmployed,Terminated for Cause,IT/IS,Webster Butler,39,LinkedIn,Exceeds,3.01,3,6,1/14/2019,2,6
"Rossetti, Michael",10897,0,0,1,2,2,4,1,135318,0,28,Sr. Network Engineer,OH,2045,08-10-1981,M ,Single,US Citizen,No,Black or African American,02/14/2009,,more money,Voluntarily Terminated,IT/IS,Lynn Daneault,21,Indeed,Needs Improvement,1.18,4,6,2/21/2019,2,5
"Becker, Leonara",10898,1,4,0,5,2,4,1,145513,0,18,Production Manager,MT,2301,12/27/88,F,Widowed,US Citizen,No,White,01-03-2017,,Another position,Active,Admin Offices,Peter Monroe,7,On-line Web application,PIP,3.63,2,5,2/27/2019,2,16
"Ivey, Tommy",10899,0,4,1,2,5,4,0,71646,0,8,Database Administrator,VT,1876,09/15/85,M ,Widowed,US Citizen,No,White,01/31/2012,,unhappy,Active,Production       ,Board of Directors,9,Website,Needs Improvement,1.34,4,8,1/18/2019,3,1
"Nguyen, Lauren",10900,1,3,1,1,1,1,1,116237,1,13,IT Manager - Infra,KY,2132,12-02-1983,M ,Separated,US Citizen,No,Black or African American,06/28/2006,11/25/2007,relocation out of area,Active,Production       ,Kissy Sullivan,20,On-line Web application,Exceeds,4.01,5,2,02-01-2019,0,13
"Tredinnick, Constance",10901,1,1,1,2,3,2,1,83458,0,3,Area Sales Manager,FL,2421,05-06-1983,M ,Married,US Citizen,No,Black or African American,07-11-2012,,Another position,Voluntarily Terminated,Production       ,Ketsia Liebig,19,LinkedIn,Needs Improvement,1.3,3,8,1/20/2015,1,13
"Fancett, Jackie",10902,1,4,1,4,1,2,1,144625,0,21,Sales Manager,GA,1845,01-02-1951,M ,Widowed,US Citizen,No,White,03-08-2016,,N/A-StillEmployed,Active,IT/IS,Board of Directors,9,LinkedIn,PIP,3.22,5,7,03-04-2013,5,9
"Sander, Shakira",10903,1,3,0,4,1,3,1,80877,0,9,Data Analyst,NC,1880,10-05-1988,F,Separated,US Citizen,No,Black or African American,04-04-2014,,hours,Voluntarily Terminated,Production       ,Lynn Daneault,21,Indeed,Exceeds,1.83,5,5,2/18/2019,2,17
"Chivukula, Peter",10904,1,1,1,3,6,3,0,106172,0,1,Accountant I,CT,2061,08/17/92,M ,Married,US Citizen,Yes,Black or African American,07/14/2019,,N/A-StillEmployed,Active,Production       ,Eric Dougall,6,Website,PIP,3.09,1,9,04-06-2017,0,19
"Ruiz, Ming",10905,0,2,1,5,2,4,1,49656,1,16,President & CEO,WA,2110,05/16/83,M ,Divorced,US Citizen,No,Two or more races,05/15/2017,04-10-2020,unhappy,Active,Production       ,Kelley Spirea,18,LinkedIn,Needs Improvement,4.19,3,9,2/19/2019,2,18
"Jacobi, Haley",10906,1,3,1,5,2,4,1,128500,0,10,Director of Operations,TN,2458,02-02-1983,M ,Separated,US Citizen,No,White,04/26/2017,,unhappy,Terminated for Cause,Production       ,Eric Dougall,6,LinkedIn,Exceeds,4.15,1,3,1/14/2019,0,15
"Jung, Kissy",10907,1,1,0,1,5,1,1,80579,0,18,Production Manager,CO,40220,03/19/79,F,Married,US Citizen,No,White,02-02-2009,,"no-call, no-show",Voluntarily Terminated,Production       ,Michael Albert,22,Website,Exceeds,2.92,3,0,2/21/2019,1,19
"Rachael, Nina",10908,0,0,0,3,2,3,1,59362,1,9,Data Analyst,VT,43050,08-07-1986,F,Single,US Citizen,No,White,04/23/2013,01-07-2014,unhappy,Active,Production       ,Elijiah Gray,16,LinkedIn,Needs Improvement,3.79,1,6,2/15/2015,1,2
"Robinson, David",10909,1,0,1,2,1,2,1,104723,1,12,IT Director,MA,2155,10-01-1981,M ,Single,US Citizen,No,White,03-10-2018,05/30/2020,N/A-StillEmployed,Active,Production       ,Jennifer Zamora,5,Google Search,Exceeds,4.58,3,6,01-11-2019,1,2
"Guilianno, Clinton",10910,1,1,0,5,5,3,1,102948,0,22,Senior BI Developer,VT,2324,04-06-1985,F,Married,US Citizen,No,Black or African American,08/22/2011,,N/A-StillEmployed,Active,IT/IS,Lynn Daneault,21,CareerBuilder,Exceeds,3.11,2,7,2/15/2019,0,13
"Singh, Kelley",10911,0,4,0,3,5,2,1,103272,0,21,Sales Manager,TX,2458,07/18/89,F,Widowed,US Citizen,No,White,07/29/2009,,unhappy,Active,IT/IS,Board of Directors,9,Diversity Job Fair,Exceeds,2.85,4,3,1/21/2019,2,18
"Handschiegl, Rachael",10912,0,3,0,4,4,4,0,98655,0,24,Software Engineer,NH,2171,11-08-1983,F,Separated,US Citizen,No,White,11/29/2019,,N/A-StillEmployed,Active,IT/IS,Jennifer Zamora,5,Other,Exceeds,1.04,5,7,1/30/2016,5,2
"Beak, Maliki",10913,0,0,1,4,3,3,0,56605,0,9,Data Analyst ,CT,1752,05-12-1980,M ,Single,Eligible NonCitizen,No,White,03-12-2012,,N/A-StillEmployed,Voluntarily Terminated,Production       ,Simon Roup,4,Google Search,Exceeds,2.96,2,2,2/13/2019,4,2
"Ngodup, Jason",10914,1,2,0,1,4,1,0,89938,0,22,Senior BI Developer,VA,2446,12-01-1974,F,Divorced,US Citizen,No,White,04/30/2007,,N/A-StillEmployed,Terminated for Cause,IT/IS,Lynn Daneault,21,On-line Web application,PIP,3.62,1,0,02-01-2019,5,0
"Good, Anthony",10915,0,1,0,1,2,2,0,116559,0,22,Senior BI Developer,GA,2301,09-05-1981,F,Married,US Citizen,No,Black or African American,09-05-2012,,return to school,Active,IT/IS,Board of Directors,9,Google Search,PIP,4.48,5,0,2/15/2019,5,17
"LeBlanc, Barbara",10916,0,4,1,4,1,2,1,96952,1,5,BI Director,NV,2330,08/26/86,M ,Widowed,US Citizen,No,White,04-10-2019,12/16/2020,N/A-StillEmployed,Active,Production       ,Board of Directors,9,Other,PIP,2.69,2,10,4/15/2015,1,19
"Wolk, Nori",10917,0,2,1,4,4,3,0,113693,1,13,IT Manager - DB,KY,1721,12-03-1976,M ,Divorced,US Citizen,No,White,11/20/2012,02-08-2015,N/A-StillEmployed,Active,Production       ,David Stanley,14,Google Search,Fully Meets,2.77,1,8,1/23/2019,0,2
"Chigurh, Whitney",10918,1,2,1,2,1,3,0,60217,1,7,Data Architect,NY,2148,08-07-1986,M ,Divorced,US Citizen,No,White,12-03-2017,11-04-2018,N/A-StillEmployed,Voluntarily Terminated,Production       ,Debra Houlihan,15,Other,Fully Meets,4.89,3,8,03-04-2013,1,2
"Foreman, Susan",10919,0,2,1,3,3,1,1,43562,0,19,Production Technician I,VT,1915,09/22/76,M ,Divorced,US Citizen,No,Black or African American,01/16/2014,,N/A-StillEmployed,Active,Production       ,Brandon R. LeBlanc,3,Indeed,Fully Meets,2.49,5,6,1/16/2019,4,9
"Zamora, Neville",10920,0,2,0,2,4,1,0,93396,0,1,Accountant I,PA,2176,07-08-1981,F,Divorced,US Citizen,No,White,01-03-2016,,N/A-StillEmployed,Active,Production       ,Janet King,2,CareerBuilder,PIP,1.81,4,0,1/14/2019,3,14
"Davis, Joelle",10921,0,0,0,5,3,2,1,50684,0,27,Sr. DBA,MA,2747,11/23/85,F,Single,US Citizen,No,Black or African American,01/17/2010,,unhappy,Active,IT/IS,Webster Butler,39,Website,PIP,1.34,5,6,1/24/2019,2,14
"Barone, Adrienne  J",10922,1,1,1,1,3,3,0,48576,0,13,IT Manager - Support,CO,2110,06/30/89,M ,Married,US Citizen,No,White,06-10-2010,,N/A-StillEmployed,Voluntarily Terminated,Production       ,Eric Dougall,6,Diversity Job Fair,PIP,1.5,4,4,02-12-2019,3,8
"Barbossa, Colleen",10923,0,3,0,4,5,1,1,81384,0,19,Production Technician I,AZ,2703,12-08-1973,F,Separated,US Citizen,No,White,09/24/2007,,N/A-StillEmployed,Active,Production       ,Brandon R. LeBlanc,3,Diversity Job Fair,PIP,4.6,4,5,2/18/2019,0,8
"England, Ketsia",10924,0,0,0,3,1,4,1,84137,0,19,Production Technician I,MA,2081,12-03-1976,F,Single,US Citizen,No,White,03/13/2019,,N/A-StillEmployed,Active,Software Engineering,Debra Houlihan,15,Other,Needs Improvement,2.1,1,10,1/21/2019,1,2
"Perry, Katie",10925,0,4,0,3,4,1,1,139384,0,2,Administrative Assistant,UT,2130,07-11-1989,F,Widowed,US Citizen,Yes,American Indian or Alaska Native,01/28/2015,,N/A-StillEmployed,Voluntarily Terminated,Production       ,Kelley Spirea,18,LinkedIn,PIP,3.38,5,10,04-05-2017,3,9
"MacLennan, Marilyn",10926,1,4,1,5,1,3,0,133688,0,25,Software Engineering Manager,IN,84111,09/22/89,M ,Widowed,US Citizen,No,White,10/27/2003,,N/A-StillEmployed,Active,Production       ,Brannon Miller,12,LinkedIn,Needs Improvement,3.76,1,2,03-02-2015,2,3
"Roup, Kara",10927,1,1,1,5,2,2,1,123455,0,17,Production Manager,NY,2030,11/28/73,M ,Married,US Citizen,No,Black or African American,12/28/2016,,N/A-StillEmployed,Active,Production       ,Michael Albert,22,CareerBuilder,Exceeds,2.59,3,0,2/20/2014,3,9
"Tredinnick, Katie",10928,0,4,0,2,4,1,0,73315,1,23,Shared Services Manager,KY,2132,03/28/83,F,Widowed,US Citizen,No,Two or more races,04/23/2008,04/20/2010,unhappy,Voluntarily Terminated,Production       ,Peter Monroe,7,Indeed,Exceeds,2.54,5,5,2/20/2014,0,5
"Houlihan, Edward",10929,0,1,1,5,6,4,1,41024,0,25,Software Engineering Manager,TN,1810,05/22/77,M ,Married,US Citizen,No,Asian,03/28/2009,,N/A-StillEmployed,Active,Admin Offices,Lynn Daneault,21,Indeed,Exceeds,1.37,3,7,02-05-2019,1,3
"Gold, Jeanette",10930,1,4,1,4,2,1,0,81059,1,1,Accountant I,NH,2169,05-09-1977,M ,Widowed,US Citizen,No,Black or African American,09/17/2016,01-04-2019,N/A-StillEmployed,Voluntarily Terminated,Sales,Elijiah Gray,16,Website,Exceeds,3,1,1,01-10-2016,0,4
"Patronick, Nilson",10931,0,2,0,3,3,1,1,52191,0,7,Data Architect,AL,2138,10-10-1968,F,Divorced,US Citizen,Yes,White,12/18/2007,,medical issues,Active,Production       ,Michael Albert,30,LinkedIn,PIP,2.69,3,4,1/14/2019,3,11
"Smith, Kara",10932,1,4,0,5,3,1,1,62139,0,19,Production Technician I,CO,2043,05/19/88,F,Widowed,US Citizen,Yes,White,10-06-2019,,N/A-StillEmployed,Active,IT/IS,John Smith,17,Diversity Job Fair,Exceeds,2.92,3,4,1/18/2019,2,19
"Williams, Jacquelyn",10933,0,3,0,4,1,4,1,92467,0,12,IT Director,VA,2044,03/15/85,F,Separated,US Citizen,No,White,06-10-2014,,N/A-StillEmployed,Active,Sales,Michael Albert,30,Google Search,Exceeds,2.62,4,4,02-11-2019,2,10
"Garcia, Ming",10934,0,1,0,2,1,3,1,83342,0,13,IT Manager - Infra,IN,83706,05-09-1984,F,Married,US Citizen,No,Black or African American,12-08-2010,,N/A-StillEmployed,Active,IT/IS,Board of Directors,9,Indeed,Needs Improvement,4.25,5,9,02-01-2013,0,15
"Veera, Frank",10935,1,4,0,5,1,3,0,128904,1,2,Administrative Assistant,FL,6278,09/16/75,F,Widowed,US Citizen,No,White,02-10-2020,10-12-2021,N/A-StillEmployed,Voluntarily Terminated,Production       ,Kissy Sullivan,20,On-line Web application,PIP,4.66,4,4,2/14/2019,5,17
"Bugali, Amy",10936,1,3,0,2,2,3,1,129509,1,18,Production Manager,GA,1810,12-08-1973,F,Separated,US Citizen,No,Black or African American,11-04-2002,04/14/2003,N/A-StillEmployed,Active,Production       ,Alex Sweetwater,10,Employee Referral,Fully Meets,4.05,2,6,01-10-2013,4,11
"Pham, Amy",10937,1,3,1,1,6,1,1,69071,0,13,IT Manager - DB,IN,2169,03/22/66,M ,Separated,US Citizen,No,White,11-06-2014,,attendance,Terminated for Cause,IT/IS,David Stanley,14,LinkedIn,Fully Meets,1.56,5,5,01-10-2019,2,20
"Desimone, Nicole",10938,0,4,0,3,5,1,0,127838,0,25,Software Engineering Manager,OH,1887,05-11-1990,F,Widowed,US Citizen,No,White,08-09-2011,,hours,Voluntarily Terminated,Production       ,Elijiah Gray,16,Diversity Job Fair,Needs Improvement,1.96,5,5,04-06-2017,2,5
"Delarge, Maruk",10939,0,4,0,3,4,2,1,48627,0,14,IT Support,ID,2138,01-04-1964,F,Widowed,US Citizen,No,White,03/14/2015,,return to school,Active,Production       ,Janet King,2,Diversity Job Fair,Fully Meets,3.54,5,8,02-05-2019,4,19
"Petingill, Peter",10940,1,3,1,5,6,2,1,124865,0,23,Shared Services Manager,VA,2148,07-01-1984,M ,Separated,US Citizen,No,Black or African American,06/27/2007,,N/A-StillEmployed,Active,Production       ,Jennifer Zamora,5,Other,Fully Meets,2.64,1,3,1/20/2015,4,1
"Barbossa, Elijiah",10941,1,1,0,5,5,1,0,88097,0,17,Production Manager,TN,2474,03/19/79,F,Married,US Citizen,No,White,07/30/2012,,more money,Active,Software Engineering,Board of Directors,9,Employee Referral,PIP,3.07,1,2,03-02-2018,1,9
"DeGweck, Libby",10942,0,0,0,1,2,4,0,88514,0,16,President & CEO,FL,2170,11/21/72,F,Single,US Citizen,No,Asian,08/31/2006,,more money,Active,Production       ,Brandon R. LeBlanc,1,Employee Referral,Exceeds,1.78,1,1,1/28/2019,0,12
"Ndzi, Ebonee",10943,0,1,0,5,1,4,1,74224,0,12,IT Director,WA,6070,06-03-1986,F,Married,US Citizen,No,White,09/24/2015,,more money,Active,Production       ,Michael Albert,30,On-line Web application,Needs Improvement,2.11,5,0,01-10-2016,4,1
"Nguyen, Hans",10944,1,1,0,5,6,2,1,125196,0,22,Senior BI Developer,OR,2474,04/14/55,F,Married,US Citizen,No,Asian,10/31/2013,,military,Terminated for Cause,Production       ,Board of Directors,9,CareerBuilder,Fully Meets,1.19,1,3,1/17/2019,4,19
"Stansfield, Enrico",10945,1,2,1,5,3,3,0,95006,1,18,Production Manager,TN,2132,10-07-1986,M ,Divorced,US Citizen,No,Black or African American,06/27/2011,03/18/2013,N/A-StillEmployed,Active,Production       ,Eric Dougall,6,Employee Referral,Exceeds,2.9,1,0,1/29/2019,4,7
"Smith, Thelma",10946,1,4,1,3,2,2,1,128691,1,29,Principal Data Architect,OR,2452,10-11-1981,M ,Widowed,US Citizen,No,Asian,07/18/2006,10-08-2008,N/A-StillEmployed,Active,Production       ,David Stanley,14,CareerBuilder,Fully Meets,4.01,3,3,01-07-2019,2,11
"Spirea, Amy",10947,0,2,0,5,4,2,0,51966,1,1,Accountant I,UT,2122,05/31/74,F,Divorced,US Citizen,No,Black or African American,10-07-2013,01/15/2015,N/A-StillEmployed,Voluntarily Terminated,IT/IS,Peter Monroe,7,Employee Referral,Exceeds,4.07,5,7,2/13/2018,4,12
"Buccheri, May",10948,0,1,1,4,2,3,0,81397,0,12,IT Director,FL,2171,07-07-1984,M ,Married,US Citizen,No,White,10/20/2015,,N/A-StillEmployed,Terminated for Cause,Production       ,David Stanley,14,On-line Web application,PIP,3.75,1,0,2/18/2019,1,16
"Manchester, Barbara",10949,1,3,0,1,6,4,0,89202,0,13,IT Manager - Infra,TN,2351,09/21/90,F,Separated,US Citizen,No,Asian,09/25/2010,,medical issues,Terminated for Cause,IT/IS,Webster Butler,39,Employee Referral,PIP,4.29,1,9,01-02-2019,1,2
"Rose, Leigh Ann",10950,1,3,0,5,4,2,1,122011,1,23,Software Engineer,NV,2472,07-10-1983,F,Separated,US Citizen,No,White,11/29/2009,11-06-2011,N/A-StillEmployed,Active,Software Engineering,Eric Dougall,6,CareerBuilder,Needs Improvement,1.93,1,4,1/22/2019,2,5
"Adinolfi, Angela",10951,1,1,0,5,1,4,1,83620,0,24,Software Engineer,KY,2110,03/14/85,F,Married,US Citizen,No,White,07/18/2012,,N/A-StillEmployed,Voluntarily Terminated,Software Engineering,Alex Sweetwater,10,Indeed,Exceeds,4.82,1,4,4/20/2015,1,15
"Chivukula, Joe",10952,0,0,0,3,6,3,0,116165,0,15,Network Engineer,OR,1775,09-08-1969,F,Single,US Citizen,No,White,05-08-2014,,N/A-StillEmployed,Active,Production       ,Alex Sweetwater,10,Diversity Job Fair,PIP,4.98,5,2,2/20/2012,1,19
"Chace, Dawn",10953,0,0,0,1,5,2,1,53892,0,15,Network Engineer,ID,2474,07-03-1972,F,Single,US Citizen,No,Black or African American,01/19/2014,,N/A-StillEmployed,Active,Production       ,David Stanley,14,CareerBuilder,PIP,4.6,1,10,01-07-2019,5,5
"Osturnka, Bartholemew",10954,0,3,0,3,2,2,0,103723,0,14,IT Support,AZ,2090,09-09-1965,F,Separated,US Citizen,No,White,01-03-2010,,relocation out of area,Active,Production       ,Michael Albert,22,Indeed,Exceeds,1.64,3,10,06-02-2014,5,1
"Hankard, Shari",10955,1,0,0,4,3,2,1,120895,1,8,Database Administrator,TX,2176,11-08-1988,F,Single,US Citizen,No,White,08-05-2013,03/28/2014,N/A-StillEmployed,Active,Production       ,Brian Champaigne,13,CareerBuilder,Needs Improvement,4.45,4,6,01-11-2019,3,6
"MacLennan, Nan",10956,1,1,0,4,1,2,1,58191,1,4,BI Developer,CO,1887,12/21/74,F,Married,US Citizen,No,White,11/18/2014,09/14/2015,relocation out of area,Active,Software Engineering,Peter Monroe,7,CareerBuilder,Exceeds,2.3,4,9,2/25/2019,0,17
"Howard, Rose",10957,0,2,0,1,4,3,1,70947,0,19,Production Technician I,AL,1752,05/24/53,F,Divorced,US Citizen,No,White,08/25/2019,,N/A-StillEmployed,Active,IT/IS,Michael Albert,22,On-line Web application,PIP,2.15,2,4,01-10-2015,1,6
"Bacong, Joanne",10958,0,0,0,5,4,1,1,142928,0,4,BI Developer,PA,1887,01/28/91,F,Single,US Citizen,No,Black or African American,07/31/2018,,N/A-StillEmployed,Voluntarily Terminated,Production       ,Alex Sweetwater,10,Other,Fully Meets,3.38,1,5,01-02-2019,5,4
"Gerke, Michael",10959,0,2,1,5,4,2,1,100583,1,11,Director of Sales,KY,2148,06-01-1964,M ,Divorced,US Citizen,Yes,White,12/19/2018,01/28/2019,Another position,Active,IT/IS,Brian Champaigne,13,Website,PIP,3.53,3,0,1/15/2019,1,12
"Landa, Juan",10960,0,4,1,1,3,1,1,117883,0,19,Production Technician I,MT,1886,06/29/85,M ,Widowed,US Citizen,No,Black or African American,08-09-2004,,N/A-StillEmployed,Active,IT/IS,Janet King,2,Employee Referral,Exceeds,1.83,4,7,1/29/2019,2,11
"Cady, Nader",10961,0,2,0,3,2,2,0,134496,0,14,IT Support,ME,1890,03-10-1970,F,Divorced,Non-Citizen,No,White,08/31/2010,,N/A-StillEmployed,Active,Production       ,Brian Champaigne,13,Google Search,Fully Meets,2.32,3,9,1/17/2019,0,19
"Goyal, Hans",10962,0,1,1,5,3,2,0,112031,0,19,Production Technician I,RI,2170,11/22/66,M ,Married,US Citizen,Yes,Asian,04/26/2016,,N/A-StillEmployed,Active,Production       ,Board of Directors,9,Other,Needs Improvement,4.35,3,7,03-04-2014,2,15
"Nguyen, Tommy",10963,0,3,0,5,5,3,0,107833,0,3,Area Sales Manager,AZ,1905,07-03-1972,F,Separated,Non-Citizen,No,White,05-10-2016,,N/A-StillEmployed,Active,Production       ,Board of Directors,9,On-line Web application,Needs Improvement,1.7,5,7,2/18/2019,2,14
"Carter, Frank",10964,0,3,0,5,2,3,0,82921,0,8,Database Administrator,ID,2045,02-02-1965,F,Separated,US Citizen,No,White,06/30/2019,,unhappy,Active,IT/IS,Brandon R. LeBlanc,1,On-line Web application,Fully Meets,4.87,1,4,2/14/2019,2,19
"Horton, Sandy",10965,1,1,1,3,4,4,0,65817,0,26,Sr. Accountant,VA,78789,07/28/83,M ,Married,US Citizen,Yes,Black or African American,06/14/2013,,N/A-StillEmployed,Active,Production       ,Jennifer Zamora,5,Google Search,Fully Meets,3.31,3,8,1/28/2019,3,1
"Brown, Biff",10966,1,0,0,2,2,4,1,141937,0,9,Data Analyst,CA,2124,07/24/86,F,Single,US Citizen,No,White,02-01-2013,,military,Active,Production       ,Brannon Miller,12,Other,Fully Meets,4.85,1,2,2/21/2019,1,0
"Woodson, Elle",10967,0,4,1,3,5,2,1,90113,0,29,Principal Data Architect,ME,1742,03-11-1984,M ,Widowed,US Citizen,No,American Indian or Alaska Native,05/17/2012,,N/A-StillEmployed,Active,Production       ,Kelley Spirea,18,LinkedIn,Needs Improvement,3.5,5,4,01-04-2019,5,18
"Fidelia, Hannibal",10968,0,4,0,1,5,2,1,112748,0,7,Data Architect,AL,78789,11-07-1958,F,Widowed,US Citizen,No,White,03/26/2011,,N/A-StillEmployed,Voluntarily Terminated,Production       ,Peter Monroe,7,LinkedIn,Needs Improvement,1.4,1,5,1/15/2014,2,17
"Cady, Desiree",10969,1,4,0,3,3,1,1,88808,0,8,Database Administrator,AL,2451,08-09-1983,F,Widowed,US Citizen,No,White,06-09-2016,,military,Active,Production       ,Ketsia Liebig,19,CareerBuilder,PIP,2.12,2,1,1/14/2019,4,4
"Barbossa, Nina",10970,0,3,0,4,5,2,0,140138,0,26,Sr. Accountant,KY,2067,03/28/82,F,Separated,Eligible NonCitizen,Yes,White,07-04-2013,,N/A-StillEmployed,Active,IT/IS,Lynn Daneault,21,LinkedIn,Exceeds,3.31,4,9,1/28/2019,5,1
"Zima, Theresa",10971,1,1,0,4,1,1,0,76394,0,12,IT Director,CT,2324,02/21/74,F,Married,US Citizen,No,White,07/21/2016,,N/A-StillEmployed,Active,Production       ,Brandon R. LeBlanc,3,Indeed,PIP,3.12,5,6,01-07-2019,1,17
"Daniele, Myriam",10972,0,1,1,4,3,3,1,91862,0,27,Sr. DBA,WA,2050,11-06-1986,M ,Married,US Citizen,No,Black or African American,04/26/2015,,N/A-StillEmployed,Voluntarily Terminated,Production       ,Webster Butler,39,LinkedIn,Fully Meets,1.57,2,4,02-01-2013,3,0
"Close, Geoff",10973,0,3,0,5,5,2,0,99776,1,15,Network Engineer,NC,78230,08/29/88,F,Separated,US Citizen,No,White,12/17/2009,12-02-2011,unhappy,Voluntarily Terminated,IT/IS,David Stanley,14,On-line Web application,Needs Improvement,2.25,3,8,1/28/2019,0,0
"Wang, Julissa",10974,0,0,0,5,3,3,0,111842,0,29,Principal Data Architect,ND,1915,12-02-1978,F,Single,US Citizen,No,White,02-09-2014,,N/A-StillEmployed,Active,Production       ,Kelley Spirea,18,CareerBuilder,Exceeds,2.28,5,6,06-02-2014,3,7
"Barbossa, Giovanni",10975,0,4,0,4,3,3,1,64390,0,4,BI Developer,MT,2145,06/14/83,F,Widowed,US Citizen,No,Black or African American,04-07-2010,,maternity leave - did not return,Voluntarily Terminated,IT/IS,Peter Monroe,7,Other,Fully Meets,2.54,3,0,1/14/2019,3,6
"Anderson, Debbie",10976,1,0,0,2,1,1,1,81512,0,2,Administrative Assistant,KY,2360,08/24/85,F,Single,US Citizen,No,Asian,11-12-2018,,N/A-StillEmployed,Voluntarily Terminated,Production       ,Michael Albert,30,Google Search,Exceeds,2.26,5,10,02-12-2019,0,13
"Cornett, Maruk",10977,0,4,0,2,5,2,0,80278,1,26,Sr. Accountant,NV,1810,05/21/83,F,Widowed,Non-Citizen,Yes,Black or African American,02/20/2011,07/23/2013,relocation out of area,Voluntarily Terminated,Production       ,Simon Roup,4,Indeed,Needs Improvement,4.57,5,1,02-01-2019,3,19
"Cady, Jayne",10978,0,2,0,3,6,2,0,97088,0,26,Sr. Accountant,OR,2127,03-02-1980,F,Divorced,US Citizen,No,White,10-07-2008,,career change,Voluntarily Terminated,IT/IS,Brian Champaigne,13,CareerBuilder,Exceeds,3.49,4,2,02-07-2019,4,17
"Fett, Boba",10979,1,3,1,5,4,2,0,141657,0,23,Shared Services Manager,TX,2152,08/24/85,M ,Separated,US Citizen,No,White,01/19/2018,,Another position,Voluntarily Terminated,Software Engineering,Debra Houlihan,15,Indeed,Exceeds,3.67,2,6,2/18/2019,5,1
"Fernandes, Alex",10980,0,4,0,2,1,1,1,104486,0,25,Software Engineering Manager,MT,2351,03/28/82,F,Widowed,US Citizen,Yes,White,03-02-2011,,N/A-StillEmployed,Terminated for Cause,Production       ,Kelley Spirea,18,On-line Web application,PIP,2.26,4,5,02-01-2019,1,15
"Rachael, Constance",10981,0,3,0,1,1,4,1,106827,1,20,Production Technician II,KY,2451,08/31/81,F,Separated,US Citizen,No,White,08-10-2007,06-06-2010,career change,Active,Production       ,Lynn Daneault,21,Diversity Job Fair,Fully Meets,1.94,1,7,1/20/2015,1,1
"Hitchcock, Nina",10982,0,1,1,1,3,4,0,102965,1,21,Sales Manager,TN,2169,08/27/72,M ,Married,Non-Citizen,No,White,04-04-2008,02-12-2011,N/A-StillEmployed,Active,Production       ,Eric Dougall,6,Indeed,PIP,4.5,2,7,04-05-2017,2,17
"Sutwell, Lisa",10983,0,4,1,1,3,1,1,138748,0,8,Database Administrator,FL,2301,05-02-1974,M ,Widowed,US Citizen,No,White,10/15/2009,,hours,Voluntarily Terminated,Production       ,Peter Monroe,7,Google Search,Exceeds,3.44,5,6,2/22/2019,4,20
"Petingill, Hans",10984,0,3,0,2,3,2,1,75792,0,29,Principal Data Architect,CA,1844,03-10-1975,F,Separated,US Citizen,No,White,09-10-2011,,N/A-StillEmployed,Voluntarily Terminated,Production       ,Michael Albert,22,Indeed,Exceeds,2.11,2,9,2/18/2019,5,12
"Gray, Tanya",10985,1,4,1,2,2,2,1,86720,0,15,Network Engineer,CT,1721,03-10-1975,M ,Widowed,US Citizen,No,Black or African American,03-04-2011,,unhappy,Active,IT/IS,Michael Albert,22,On-line Web application,Needs Improvement,3.48,3,6,2/22/2019,0,2
"Guilianno, Nicole",10986,1,3,1,2,1,1,0,51859,0,12,IT Director,WA,2138,05/22/77,M ,Separated,US Citizen,No,White,09-08-2012,,N/A-StillEmployed,Voluntarily Terminated,Production       ,Elijiah Gray,16,Google Search,Needs Improvement,3.5,3,8,09-02-2015,3,7
"Ferguson, Maryellen",10987,0,4,0,4,1,4,1,66618,0,23,Shared Services Manager,UT,2176,06/19/61,F,Widowed,US Citizen,No,White,01/15/2016,,retiring,Active,Production       ,Peter Monroe,7,On-line Web application,Needs Improvement,3.12,4,10,08-10-2012,0,12
"Robertson, Jasmine",10988,1,3,1,3,5,4,1,118808,0,18,Production Manager,OH,1778,11-07-1974,M ,Separated,US Citizen,No,Black or African American,04-10-2014,,N/A-StillEmployed,Active,Software Engineering,Ketsia Liebig,19,Other,Fully Meets,4.61,4,10,02-07-2019,1,11
"Motlagh, Kissy",10989,0,3,1,4,4,3,0,74340,0,1,Accountant I,OR,2451,11/25/87,M ,Separated,US Citizen,No,White,08-08-2014,,performance,Active,Production       ,Janet King,2,Other,Needs Improvement,4.42,4,10,02-01-2019,4,1
"Becker, Donna",10990,0,2,1,4,2,4,0,143620,0,9,Data Analyst,PA,2026,05-12-1980,M ,Divorced,US Citizen,No,Hispanic,11/13/2008,,N/A-StillEmployed,Voluntarily Terminated,Production       ,Brandon R. LeBlanc,1,LinkedIn,Fully Meets,2.05,4,3,1/16/2019,2,14
"Wilber, Caitrin",10991,1,1,1,5,3,3,1,69693,0,20,Production Technician II,AL,46204,01/28/91,M ,Married,US Citizen,No,Black or African American,04/15/2011,,N/A-StillEmployed,Active,Production       ,Lynn Daneault,21,Google Search,PIP,3.14,2,0,2/14/2019,0,6
"Gonzalez, Patrick",10992,0,1,0,3,1,2,1,140090,0,27,Sr. DBA,TX,2176,03/22/66,F,Married,US Citizen,No,White,09/21/2014,,hours,Active,Production       ,Elijiah Gray,16,Employee Referral,PIP,2.96,1,7,01-04-2015,1,12
"Leach, Colleen",10993,0,2,1,4,2,1,1,112162,0,19,Production Technician I,AL,2747,03/28/83,M ,Divorced,US Citizen,No,Black or African American,11-11-2008,,N/A-StillEmployed,Terminated for Cause,Production       ,Janet King,2,Website,PIP,1.24,4,3,1/29/2019,2,10
"Johnston, Josephine",10994,1,4,1,5,3,3,0,47356,1,13,IT Manager - Infra,TN,6033,02-11-1970,M ,Widowed,US Citizen,No,Asian,05-04-2015,07-07-2017,return to school,Active,IT/IS,Elijiah Gray,16,Indeed,Fully Meets,3.2,1,0,1/21/2019,1,14
"England, Elias",10995,1,0,1,3,2,1,0,102188,1,3,Area Sales Manager,RI,2155,09-01-1989,M ,Single,US Citizen,No,Black or African American,07/20/2009,06-12-2010,more money,Active,Production       ,Brannon Miller,12,Website,Fully Meets,2.47,4,7,04-09-2017,0,7
"Girifalco, Hong",10996,0,3,0,1,2,2,1,144230,0,13,IT Manager - Infra,IN,1803,07/25/79,F,Separated,US Citizen,No,Two or more races,03-09-2012,,N/A-StillEmployed,Voluntarily Terminated,Production       ,Ketsia Liebig,19,Google Search,PIP,1.07,3,9,04-02-2013,4,2
"Monterro, Timothy",10997,1,4,1,4,1,4,0,122751,0,6,CIO,IN,2451,03-11-1984,M ,Widowed,US Citizen,No,White,12/27/2013,,N/A-StillEmployed,Active,IT/IS,Peter Monroe,7,Employee Referral,Needs Improvement,3.14,3,0,1/30/2019,4,7
"Ndzi, Keyla",10998,0,1,1,4,1,1,1,113770,0,13,IT Manager - DB,CO,2180,05/24/53,M ,Married,US Citizen,No,White,11-03-2010,,N/A-StillEmployed,Voluntarily Terminated,Production       ,Peter Monroe,7,Website,PIP,2.89,1,2,02-01-2016,2,11
"Demita, Sean",10999,0,4,1,4,6,1,0,89714,1,13,IT Manager - Infra,MT,1886,04-03-1975,M ,Widowed,Non-Citizen,No,White,04-12-2018,03/14/2021,N/A-StillEmployed,Active,Production       ,Board of Directors,9,LinkedIn,Needs Improvement,4.38,2,10,05-06-2016,3,16
"Carter, Morissa",11000,0,3,0,5,4,4,0,101795,0,1,Accountant I,ID,2359,01/17/79,F,Separated,US Citizen,No,Black or African American,08-04-2014,,N/A-StillEmployed,Active,Production       ,Debra Houlihan,15,On-line Web application,Fully Meets,1.78,3,2,02-01-2013,0,18
"Chivukula, Tanya",11001,0,1,0,2,6,4,0,142728,1,13,IT Manager - Infra,WA,1810,01/18/52,F,Married,US Citizen,No,White,03/14/2013,07/29/2014,performance,Voluntarily Terminated,IT/IS,Michael Albert,30,On-line Web application,Needs Improvement,1.28,1,1,1/14/2019,0,6
"Johnson, Josephine",11002,1,1,0,5,5,3,1,68545,0,30,Enterprise Architect,KY,2155,05/15/63,F,Married,US Citizen,No,Black or African American,09/16/2013,,N/A-StillEmployed,Active,Production       ,Elijiah Gray,16,Google Search,Exceeds,3.86,1,0,1/25/2019,4,18
"Lecter, Constance",11003,0,0,1,2,4,4,1,79957,0,29,Principal Data Architect,CO,2021,05-06-1983,M ,Single,US Citizen,Yes,White,11-12-2020,,return to school,Active,Sales,Debra Houlihan,15,LinkedIn,Needs Improvement,1.73,4,8,1/17/2019,4,7
"Patronick, Lauren",11004,0,0,1,1,2,3,0,149976,1,25,Software Engineering Manager,AL,40220,11/24/79,M ,Single,US Citizen,No,Asian,05-06-2010,10/29/2011,unhappy,Active,Sales,Webster Butler,39,Website,PIP,2.44,2,3,07-02-2018,1,16
"Barbossa, Keyser",11005,0,2,1,5,5,1,1,104337,1,28,Sr. Network Engineer,TN,1810,07-07-1984,M ,Divorced,US Citizen,No,Two or more races,09-09-2010,01/14/2013,N/A-StillEmployed,Voluntarily Terminated,Production       ,Michael Albert,22,Website,Fully Meets,4.69,3,6,1/17/2019,2,16
"Johnston, Lord",11006,0,4,1,2,6,4,0,67529,0,18,Production Manager,WA,1821,06-06-1968,M ,Widowed,US Citizen,No,White,02/14/2013,,N/A-StillEmployed,Terminated for Cause,IT/IS,David Stanley,14,CareerBuilder,Needs Improvement,1.57,2,8,2/21/2019,4,4
"Gross, April",11007,1,0,0,3,1,3,0,47314,0,25,Software Engineering Manager,IN,1742,05/21/83,F,Single,US Citizen,No,Two or more races,09-03-2006,,N/A-StillEmployed,Active,Production       ,Amy Dunn,11,Google Search,Exceeds,4.02,5,7,01-07-2019,1,16
"Dunne, Joe",11008,1,4,0,4,1,2,0,127265,1,13,IT Manager - Support,NY,1886,05/24/53,F,Widowed,US Citizen,No,Asian,04-02-2010,09/14/2010,medical issues,Active,Production       ,Michael Albert,22,LinkedIn,Needs Improvement,1.17,3,9,01-10-2016,4,13
"Smith, Sneha",11009,1,4,1,5,2,4,0,74237,0,15,Network Engineer,WA,1901,10-11-1981,M ,Widowed,US Citizen,No,Black or African American,06-11-2011,,N/A-StillEmployed,Voluntarily Terminated,IT/IS,Alex Sweetwater,10,Employee Referral,Needs Improvement,4.43,3,5,2/15/2017,1,20
"Cady, Martin",11010,1,4,0,2,6,2,1,69502,0,6,CIO,OR,2030,08/31/81,F,Widowed,US Citizen,No,White,04-12-2015,,N/A-StillEmployed,Voluntarily Terminated,Production       ,Kissy Sullivan,20,Google Search,Needs Improvement,1.41,5,10,1/14/2019,3,19
"Peterson, Bartholemew",11011,0,0,1,3,2,1,0,110346,0,10,Director of Operations,IN,2045,03-10-1975,M ,Single,US Citizen,No,Black or African American,08/14/2012,,unhappy,Active,IT/IS,Ketsia Liebig,19,Google Search,Fully Meets,1.46,5,9,1/15/2015,3,8
"Zamora, Miguel",11012,0,0,0,1,5,4,1,111902,0,16,President & CEO,PA,1876,10/23/71,F,Single,US Citizen,No,White,12-05-2019,,unhappy,Voluntarily Terminated,Production       ,Brandon R. LeBlanc,3,Google Search,Fully Meets,4.07,1,1,02-12-2019,1,6
"Lindsay, Juan",11013,1,1,1,2,4,3,1,74805,0,18,Production Manager,FL,2324,06-01-1964,M ,Married,US Citizen,No,White,09/26/2015,,N/A-StillEmployed,Active,Production       ,Peter Monroe,7,Diversity Job Fair,Exceeds,4.07,3,5,02-01-2013,4,2
"DeGweck, Hang  T",11014,0,2,0,4,3,1,1,87294,1,13,IT Manager - Support,NY,2128,07-07-1984,F,Divorced,US Citizen,No,Black or African American,03-07-2017,10/31/2018,more money,Voluntarily Terminated,Production       ,Eric Dougall,6,LinkedIn,PIP,3.29,3,10,2/25/2019,5,10
"Vega, Evelyn",11015,1,4,0,2,4,4,1,61448,0,13,IT Manager - DB,WA,2127,05/31/88,F,Widowed,Non-Citizen,No,Black or African American,03-04-2012,,N/A-StillEmployed,Voluntarily Terminated,Production       ,Kelley Spirea,18,Other,Fully Meets,3.98,4,2,01-08-2019,2,18
"Roup, Tyrone",11016,0,2,0,2,3,3,0,76075,0,13,IT Manager - Support,PA,2718,08/30/79,F,Divorced,US Citizen,No,Black or African American,01-11-2014,,attendance,Active,Production       ,Brian Champaigne,13,Google Search,PIP,1.99,5,2,4/19/2014,2,5
"Gonzalez, Roger",11017,1,0,1,3,5,3,1,54055,1,9,Data Analyst ,RI,5473,07/22/82,M ,Single,US Citizen,No,White,07-10-2014,08/16/2016,Another position,Active,Production       ,Ketsia Liebig,19,On-line Web application,Fully Meets,4.69,5,2,03-09-2018,3,11
"Engdahl, Brian",11018,0,2,0,1,5,2,0,117083,0,2,Administrative Assistant,ID,1887,06-03-1986,F,Divorced,US Citizen,No,White,11/25/2013,,return to school,Active,Production       ,Brannon Miller,12,Diversity Job Fair,Needs Improvement,3.88,4,5,07-02-2018,5,4
"Roper, Kramer",11019,1,3,0,4,2,3,0,131105,0,28,Sr. Network Engineer,OR,1460,01-07-1987,F,Separated,US Citizen,No,Black or African American,12-07-2012,,N/A-StillEmployed,Active,Production       ,Elijiah Gray,16,CareerBuilder,Needs Improvement,1.87,3,0,02-07-2019,1,4
"Petingill, Alex",11020,0,2,0,1,3,4,1,126160,0,24,Software Engineer,OR,1460,03-11-1984,F,Divorced,Eligible NonCitizen,No,Black or African American,04/19/2013,,N/A-StillEmployed,Active,Production       ,Brandon R. LeBlanc,3,LinkedIn,PIP,2.94,1,9,4/19/2014,5,20
"Gross, Vito",11021,0,3,0,2,1,3,1,129828,0,25,Software Engineering Manager,AL,2045,12/27/58,F,Separated,US Citizen,No,White,04/24/2017,,N/A-StillEmployed,Active,Sales,Webster Butler,39,LinkedIn,Exceeds,1.93,5,1,2/25/2019,3,7
"Beak, Trina",11022,0,4,1,1,2,3,1,88109,0,20,Production Technician II,MT,1845,05-01-1979,M ,Widowed,US Citizen,Yes,White,03-01-2015,,N/A-StillEmployed,Voluntarily Terminated,Production       ,Lynn Daneault,21,Indeed,PIP,1.43,4,4,2/27/2019,3,4
"Garcia, Cybil",11023,1,3,1,1,1,4,1,144060,0,23,Shared Services Manager,GA,1902,05/21/87,M ,Separated,Eligible NonCitizen,No,Black or African American,01/29/2007,,N/A-StillEmployed,Voluntarily Terminated,Production       ,Kissy Sullivan,20,Other,Fully Meets,4.07,4,9,1/14/2019,0,11
"Smith, Lauren",11024,1,1,1,3,6,4,0,70457,1,11,Director of Sales,VT,2324,02-11-1952,M ,Married,US Citizen,No,White,10-11-2012,09/22/2015,N/A-StillEmployed,Voluntarily Terminated,Sales,Brandon R. LeBlanc,3,On-line Web application,Needs Improvement,1.94,4,10,1/14/2019,3,18
"Veera, Barbara",11025,1,2,1,2,6,3,0,77266,0,11,Director of Sales,AZ,2050,07/20/83,M ,Divorced,US Citizen,No,American Indian or Alaska Native,12-09-2008,,N/A-StillEmployed,Active,IT/IS,Brian Champaigne,13,CareerBuilder,Needs Improvement,2.22,3,1,2/22/2019,5,12
"Harrington, Kristen",11026,0,0,0,2,1,2,0,149180,1,20,Production Technician II,TN,2330,06-01-1964,F,Single,US Citizen,Yes,Asian,05/18/2013,12-11-2014,N/A-StillEmployed,Active,Production       ,Brian Champaigne,13,Employee Referral,PIP,2.67,5,7,2/14/2019,4,19
"Cierpiszewski, Adil",11027,0,3,1,4,6,4,1,131325,0,19,Production Technician I,OH,1731,09/16/75,M ,Separated,US Citizen,No,White,08-09-2010,,N/A-StillEmployed,Active,Production       ,Brian Champaigne,13,Other,PIP,3.4,2,5,2/15/2015,5,5
"Leach, Jenna",11028,0,0,0,3,4,4,0,146372,1,25,Software Engineering Manager,VA,2169,05/21/87,F,Single,US Citizen,No,White,09-05-2008,08-02-2011,N/A-StillEmployed,Active,Production       ,John Smith,17,Website,Exceeds,1.47,3,7,1/14/2019,1,17
"Cloninger, Alex",11029,0,0,1,2,2,4,0,146237,0,20,Production Technician II,AL,1778,11/22/66,M ,Single,US Citizen,No,Asian,12/25/2010,,N/A-StillEmployed,Active,Production       ,Michael Albert,22,Website,Exceeds,3.58,2,6,1/14/2019,3,12
"Owad, Helen",11030,1,1,1,2,6,4,0,121510,1,9,Data Analyst,CO,2138,11-10-1977,M ,Married,US Citizen,No,White,09-09-2015,05-09-2017,N/A-StillEmployed,Active,Production       ,Kissy Sullivan,20,Indeed,PIP,2.89,3,2,1/28/2019,3,2
"Theamstern, Sandy",11031,1,3,0,3,1,4,1,101567,0,6,CIO,CA,2127,09-05-1991,F,Separated,US Citizen,Yes,Asian,07/27/2007,,N/A-StillEmployed,Active,Production       ,Webster Butler,39,Google Search,PIP,3.38,4,8,1/25/2019,4,2
"Gerke, Sneha",11032,0,4,0,1,3,2,0,81261,0,27,Sr. DBA,ID,2138,07-10-1988,F,Widowed,US Citizen,No,Black or African American,02/25/2013,,Fatal attraction,Active,Sales,Elijiah Gray,16,LinkedIn,PIP,3.4,3,4,1/14/2019,1,15
"Sullivan, Jeanette",11033,0,3,1,3,3,4,1,118333,0,27,Sr. DBA,NV,1773,12-01-1974,M ,Separated,US Citizen,No,White,04/25/2012,,N/A-StillEmployed,Voluntarily Terminated,Production       ,Michael Albert,30,Website,Needs Improvement,2.93,3,1,04-12-2018,0,19
"Engdahl, Kelley",11034,1,1,1,2,3,4,0,110490,0,18,Production Manager,ID,2169,06-03-1967,M ,Married,US Citizen,No,White,05/15/2013,,N/A-StillEmployed,Active,IT/IS,Brandon R. LeBlanc,3,Indeed,Needs Improvement,4.15,3,10,2/18/2019,0,7
"Linden, Peter",11035,0,2,1,1,1,3,0,42238,1,27,Sr. DBA,CO,2176,03/17/66,M ,Divorced,US Citizen,No,White,09-09-2015,07/26/2017,Another position,Voluntarily Terminated,Software Engineering,Michael Albert,22,Other,Exceeds,3.13,5,6,1/17/2019,3,6
"Sullivan, Spencer",11036,1,4,0,2,1,3,0,114447,1,20,Production Technician II,AZ,2127,01/17/79,F,Widowed,US Citizen,No,White,10/24/2008,12/24/2010,N/A-StillEmployed,Active,Production       ,Elijiah Gray,16,Indeed,Fully Meets,2,4,1,4/15/2015,3,17
"LaRotonda, Charlie",11037,1,3,0,1,5,4,0,144461,0,6,CIO,VA,2421,11-06-1986,F,Separated,US Citizen,No,Asian,05-03-2010,,N/A-StillEmployed,Active,Production       ,Ketsia Liebig,19,CareerBuilder,Exceeds,4.14,4,2,2/25/2019,1,9
"Anderson, Estelle",11038,0,4,0,2,4,1,1,118695,0,19,Production Technician I,TN,2446,03-02-1980,F,Widowed,US Citizen,No,White,10/30/2007,,attendance,Voluntarily Terminated,Production       ,Amy Dunn,11,Diversity Job Fair,Fully Meets,1.64,2,9,1/14/2019,2,4
"Gruber, Ming",11039,0,3,0,2,2,2,1,146983,0,18,Production Manager,UT,1844,04-06-1985,F,Separated,US Citizen,No,White,12/23/2015,,gross misconduct,Active,Production       ,Kissy Sullivan,20,Other,Fully Meets,2.46,1,3,02-10-2013,1,15
"Johnson, Charlie",11040,1,2,1,3,6,2,1,94055,1,28,Sr. Network Engineer,IN,2130,10/18/89,M ,Divorced,US Citizen,No,Black or African American,11-11-2008,05/13/2010,unhappy,Active,IT/IS,Brannon Miller,12,Google Search,Needs Improvement,3.45,3,8,03-09-2018,4,1
"Champaigne, Jennifer",11041,0,4,1,1,6,2,0,65785,0,24,Software Engineer,VT,1773,09-05-1985,M ,Widowed,US Citizen,No,Black or African American,10/23/2014,,N/A-StillEmployed,Active,IT/IS,John Smith,17,CareerBuilder,Exceeds,3.05,4,3,2/25/2019,3,4
"Huynh, Lisa",11042,0,3,0,5,3,1,0,108473,0,22,Senior BI Developer,CT,1770,09-01-1986,F,Separated,US Citizen,No,White,12-01-2014,,N/A-StillEmployed,Voluntarily Terminated,Production       ,Elijiah Gray,16,CareerBuilder,PIP,2.98,4,5,1/19/2016,3,0
"LeBlanc, Mike",11043,1,4,1,4,2,4,1,61965,1,21,Sales Manager,CA,1040,05/23/91,M ,Widowed,US Citizen,No,Asian,04/14/2016,01/26/2017,N/A-StillEmployed,Terminated for Cause,Production       ,Peter Monroe,7,LinkedIn,Fully Meets,2.31,1,1,03-04-2013,1,6
"Kretschmer, Bradley  J",11044,0,3,0,3,5,1,1,41015,1,7,Data Architect,ID,2050,01-04-1984,F,Separated,US Citizen,No,White,11-06-2008,12/15/2010,unhappy,Active,Production       ,Amy Dunn,11,Employee Referral,Fully Meets,2.98,3,8,1/30/2013,3,17
"Carr, John",11045,0,0,1,2,5,1,0,79362,0,29,Principal Data Architect,CO,1864,05/19/82,M ,Single,US Citizen,No,Asian,06/17/2014,,Another position,Active,Software Engineering,Simon Roup,4,Indeed,Needs Improvement,1.27,5,6,1/14/2019,5,15
"Trang, Donovan  E",11046,0,2,1,3,1,1,1,110837,0,1,Accountant I,ID,2140,01-12-1974,M ,Divorced,US Citizen,No,White,04/18/2014,,N/A-StillEmployed,Voluntarily Terminated,Production       ,Lynn Daneault,21,Other,Fully Meets,1.18,1,10,02-11-2019,4,5
"Becker, Jasmine",11047,1,1,0,5,1,3,0,135524,0,13,IT Manager - Infra,NC,2351,10/30/69,F,Married,US Citizen,No,White,07/19/2013,,N/A-StillEmployed,Voluntarily Terminated,Production       ,Kelley Spirea,18,Employee Referral,Needs Improvement,2.75,1,7,02-11-2019,4,14
"Houlihan, Vincent",11048,1,1,1,2,5,3,0,113904,0,2,Administrative Assistant,NC,2145,11-06-1984,M ,Married,US Citizen,No,Black or African American,07/19/2013,,N/A-StillEmployed,Active,Production       ,Kelley Spirea,18,Diversity Job Fair,Exceeds,1.73,3,3,02-11-2019,1,19
"Sander, Kimberly",11049,1,1,0,3,2,2,0,78791,1,7,Data Architect,GA,2481,07/30/83,F,Married,US Citizen,Yes,White,12-03-2012,01-01-2015,medical issues,Active,Production       ,Debra Houlihan,15,Other,Fully Meets,3.73,5,1,01-06-2012,2,15
"Jhaveri, Anton",11050,0,4,1,2,6,4,0,117636,0,6,CIO,TN,78789,06-10-1984,M ,Widowed,US Citizen,No,White,06/30/2015,,N/A-StillEmployed,Active,Sales,Simon Roup,4,On-line Web application,Exceeds,2.39,2,2,2/13/2018,3,2
"King, Barbara  M",11051,0,3,1,2,6,4,1,68391,1,19,Production Technician I,TN,2343,09/27/87,M ,Separated,US Citizen,No,White,07/29/2013,03/19/2016,"no-call, no-show",Active,Production       ,Amy Dunn,11,Google Search,Fully Meets,2.17,5,8,01-07-2019,2,2
"Ndzi, Ebonee",11052,1,4,0,5,1,1,1,75432,1,22,Senior BI Developer,VA,1730,11/22/77,F,Widowed,US Citizen,No,White,01-05-2012,09/28/2012,return to school,Active,Production       ,Elijiah Gray,16,CareerBuilder,Exceeds,2.97,5,6,1/16/2019,2,19
"Chace, Kramer",11053,0,1,1,1,3,1,0,136726,0,4,BI Developer,GA,1773,08/26/80,M ,Married,US Citizen,No,White,10/21/2019,,N/A-StillEmployed,Active,Production       ,Webster Butler,39,On-line Web application,PIP,2.07,1,1,1/21/2019,0,1
"Immediato, Alexandra",11054,1,0,1,3,4,2,0,48802,0,12,IT Director,TN,2492,02-09-1983,M ,Single,US Citizen,No,Black or African American,12-03-2015,,N/A-StillEmployed,Active,Production       ,Elijiah Gray,16,On-line Web application,PIP,1.37,2,7,2/27/2019,4,16
"Gray, Myriam",11055,1,0,1,4,2,2,1,145694,0,22,Senior BI Developer,NH,2138,06-05-1967,M ,Single,US Citizen,No,White,01/15/2013,,N/A-StillEmployed,Voluntarily Terminated,Production       ,Debra Houlihan,15,LinkedIn,Fully Meets,1.64,4,6,2/18/2019,5,20
"Rarrick, May",11056,0,0,0,5,6,3,1,115704,0,23,Software Engineer,AL,2191,07/22/82,F,Single,US Citizen,No,Asian,08-11-2008,,N/A-StillEmployed,Active,Production       ,Brandon R. LeBlanc,1,LinkedIn,Fully Meets,2.72,3,4,09-02-2015,2,19
"Wolk, Elle",11057,0,2,1,1,4,3,0,81368,1,13,IT Manager - Infra,CO,2140,06/14/87,M ,Divorced,US Citizen,No,White,02-04-2014,09-03-2014,Another position,Voluntarily Terminated,Sales,John Smith,17,Diversity Job Fair,Fully Meets,1.31,4,3,1/18/2019,0,8
"Smith, Freddy",11058,1,1,0,4,3,4,1,72611,1,24,Software Engineer,MA,2170,12-05-1974,F,Married,US Citizen,No,White,11/14/2006,11-05-2008,N/A-StillEmployed,Voluntarily Terminated,IT/IS,David Stanley,14,Employee Referral,Needs Improvement,2.22,1,6,1/17/2019,1,18
"Tippett, Frank",11059,1,4,1,1,5,3,0,101479,0,27,Sr. DBA,NV,2030,04/14/55,M ,Widowed,US Citizen,No,White,02/16/2005,,N/A-StillEmployed,Voluntarily Terminated,Production       ,Kissy Sullivan,20,Employee Referral,Exceeds,4.48,1,1,1/30/2019,2,18
"Costello, Enola",11060,1,0,1,3,2,2,1,110284,1,9,Data Analyst ,NC,1886,07-04-1988,M ,Single,US Citizen,No,White,11-06-2010,12/15/2011,"no-call, no-show",Active,Production       ,Janet King,2,Employee Referral,Fully Meets,2.52,2,1,04-12-2012,1,19
"Foss, Biff",11061,1,3,1,3,6,1,0,64218,0,24,Software Engineer,GA,85006,12-05-1974,M ,Separated,Eligible NonCitizen,Yes,White,07/22/2015,,N/A-StillEmployed,Terminated for Cause,Production       ,David Stanley,14,Employee Referral,Fully Meets,4.72,2,2,2/25/2019,2,10
"Peterson, Amy",11062,1,2,0,1,2,4,1,103716,1,28,Sr. Network Engineer,CT,2021,12-02-1978,F,Divorced,US Citizen,Yes,White,01/14/2012,12-12-2014,hours,Active,Sales,Simon Roup,4,On-line Web application,Needs Improvement,1.34,4,4,4/15/2015,4,9
"Williams, Rex",11063,0,1,1,3,4,1,0,119422,0,3,Area Sales Manager,ME,2148,03/15/85,M ,Married,US Citizen,No,Two or more races,05/31/2013,,N/A-StillEmployed,Active,Production       ,Eric Dougall,6,Website,Fully Meets,2.13,3,7,1/25/2019,4,9
"Peters, Betsy",11064,0,2,1,4,2,2,1,41993,0,12,IT Director,UT,6050,12-03-1976,M ,Divorced,US Citizen,No,White,03/17/2014,,N/A-StillEmployed,Active,IT/IS,Jennifer Zamora,5,CareerBuilder,Needs Improvement,4.29,2,4,02-04-2019,1,12
"Chivukula, Whitney",11065,0,0,1,3,2,1,0,62508,0,27,Sr. DBA,MT,1810,07-08-1981,M ,Single,US Citizen,No,White,08/13/2014,,attendance,Voluntarily Terminated,Production       ,Peter Monroe,7,LinkedIn,Fully Meets,2.43,5,2,1/30/2019,1,15
"Myers, Simon",11066,1,3,0,4,5,4,1,62383,0,23,Shared Services Manager,TN,2108,11/25/87,F,Separated,US Citizen,No,White,12/13/2011,,relocation out of area,Active,Production       ,John Smith,17,CareerBuilder,Fully Meets,4.26,1,5,2/22/2019,3,0
"Brown, Lord",11067,1,0,1,1,6,3,0,107742,1,13,IT Manager - DB,NV,2138,10-01-1990,M ,Single,US Citizen,No,Black or African American,11-11-2011,06-08-2012,N/A-StillEmployed,Terminated for Cause,Production       ,Board of Directors,9,Diversity Job Fair,Exceeds,1.18,3,0,1/21/2019,4,8
"Stansfield, Carl",11068,0,0,0,5,4,1,1,74274,0,1,Accountant I,RI,2421,03/31/89,F,Single,US Citizen,No,White,09-02-2010,,more money,Voluntarily Terminated,Production       ,John Smith,17,LinkedIn,Fully Meets,4.61,3,2,2/25/2019,2,15
"Warfield, Sharlene",11069,0,1,1,5,1,1,0,69005,1,10,Director of Operations,CA,2452,09/15/85,M ,Married,US Citizen,No,Black or African American,07/29/2012,12/13/2014,hours,Active,Production       ,Jennifer Zamora,5,Indeed,PIP,2.33,1,8,2/27/2019,4,10
"Rose, Walter",11070,0,1,1,4,5,1,1,49789,0,3,Area Sales Manager,PA,40220,04/14/81,M ,Married,US Citizen,No,White,05/30/2009,,N/A-StillEmployed,Active,IT/IS,Lynn Daneault,21,Indeed,Needs Improvement,4.09,5,10,1/20/2015,5,0
"Chigurh, Susan",11071,0,1,1,5,6,4,0,53327,1,5,BI Director,TN,2066,07-01-1984,M ,Married,US Citizen,No,White,08/19/2011,12-09-2011,N/A-StillEmployed,Voluntarily Terminated,Executive Office,Debra Houlihan,15,Diversity Job Fair,Exceeds,3.09,4,9,1/17/2019,4,5
"Bernstein, Colleen",11072,1,0,1,1,6,3,0,114275,0,1,Accountant I,AZ,90007,09/30/75,M ,Single,US Citizen,No,White,04-09-2013,,N/A-StillEmployed,Active,Production       ,Elijiah Gray,16,Website,Fully Meets,4.61,2,7,01-03-2019,3,5
"Engdahl, Peter",11073,0,2,0,5,6,1,0,50774,0,10,Director of Operations,ME,2359,04/19/67,F,Divorced,US Citizen,No,White,09/18/2015,,N/A-StillEmployed,Active,Production       ,Ketsia Liebig,19,Website,Fully Meets,3.34,2,5,4/18/2017,5,6
"Ruiz, Ann",11074,0,2,0,5,5,1,1,67441,1,14,IT Support,NH,2189,07/28/83,F,Divorced,US Citizen,No,Black or African American,08/24/2018,12/21/2018,N/A-StillEmployed,Voluntarily Terminated,Sales,Simon Roup,4,Website,PIP,2.73,1,1,1/25/2019,5,2
"Barbossa, Whitney",11075,0,1,1,4,3,4,0,55973,0,17,Production Manager,MT,59102,07-01-1972,M ,Married,US Citizen,No,White,10-03-2011,,N/A-StillEmployed,Voluntarily Terminated,Production       ,Amy Dunn,11,Diversity Job Fair,PIP,3.02,1,0,1/28/2019,0,10
"Harrington, Kamrin",11076,1,4,0,4,3,4,1,65000,0,28,Sr. Network Engineer,NY,2129,11-10-1977,F,Widowed,US Citizen,No,White,05/19/2014,,unhappy,Active,Production       ,Webster Butler,39,On-line Web application,Needs Improvement,3.91,1,10,02-06-2019,4,5
"Trang, Courtney  E",11077,0,1,0,4,6,1,0,46719,0,3,Area Sales Manager,ID,2062,11/27/79,F,Married,US Citizen,No,White,07/15/2012,,N/A-StillEmployed,Active,IT/IS,Brian Champaigne,13,Website,Fully Meets,4.07,4,1,1/31/2019,3,10
"Manchester, Adeel",11078,1,2,0,3,5,1,0,120651,0,25,Software Engineering Manager,AL,1760,06-03-1986,F,Divorced,US Citizen,No,White,04/20/2009,,N/A-StillEmployed,Voluntarily Terminated,Production       ,David Stanley,14,Employee Referral,Needs Improvement,3.92,1,2,2/20/2014,0,8
"Handschiegl, Linda",11079,0,0,0,3,1,3,0,70418,0,9,Data Analyst ,MT,1801,06-03-1986,F,Single,US Citizen,No,Black or African American,07-10-2011,,N/A-StillEmployed,Active,Production       ,Amy Dunn,11,Diversity Job Fair,Fully Meets,4.27,4,0,02-07-2019,2,3
"Cloninger, Timothy",11080,1,2,0,5,6,3,0,90213,1,9,Data Analyst,ND,2093,11-07-1986,F,Divorced,Eligible NonCitizen,No,Asian,06/24/2014,12-11-2015,N/A-StillEmployed,Terminated for Cause,Production       ,Michael Albert,22,Google Search,Fully Meets,4.4,1,8,2/21/2019,2,15
"Gilles, Melisa",11081,0,2,0,3,2,3,0,141601,0,2,Administrative Assistant,MT,2021,11-02-1975,F,Divorced,US Citizen,Yes,Black or African American,01-11-2010,,N/A-StillEmployed,Voluntarily Terminated,Production       ,Board of Directors,9,CareerBuilder,Exceeds,4.51,5,5,10/22/2011,1,16
"Boutwell, Elias",11082,1,3,1,3,5,2,1,134079,0,30,Enterprise Architect,IN,6033,05/14/87,M ,Separated,US Citizen,No,White,11/30/2011,,maternity leave - did not return,Active,Sales,Brandon R. LeBlanc,3,CareerBuilder,Needs Improvement,3.4,1,9,02-06-2019,0,12
"Galia, Rachael",11083,1,0,1,3,6,3,1,110442,0,11,Director of Sales,ME,1701,11-02-1975,M ,Single,US Citizen,yes,Black or African American,04-11-2009,,retiring,Active,Production       ,Simon Roup,4,Employee Referral,Exceeds,3.67,5,1,10/22/2011,5,3
"Bugali, Brooke",11084,1,4,0,5,1,4,0,107917,0,9,Data Analyst,WA,2132,12/17/87,F,Widowed,US Citizen,No,White,04/14/2010,,Another position,Voluntarily Terminated,Production       ,John Smith,17,Website,Exceeds,2.82,3,10,02-01-2019,5,17
"Pham, Clinton",11085,1,3,1,1,6,1,1,120734,1,11,Director of Sales,CO,1886,03/26/73,M ,Separated,US Citizen,No,Black or African American,07-03-2012,11/21/2012,N/A-StillEmployed,Active,Production       ,Lynn Daneault,21,Employee Referral,PIP,4.61,2,1,01-10-2015,2,9
"Gonzalez, Lily",11086,1,1,0,2,6,1,0,63633,0,2,Administrative Assistant,VT,1742,11/28/73,F,Married,Eligible NonCitizen,No,Black or African American,05-09-2009,,attendance,Active,Production       ,Board of Directors,9,Employee Referral,Fully Meets,3.57,1,2,2/14/2018,3,10
"Tippett, Tanya",11087,0,2,1,1,5,4,0,127611,1,23,Software Engineer,AL,2056,05/31/74,M ,Divorced,US Citizen,No,White,02/16/2019,01-05-2021,unhappy,Active,Production       ,Simon Roup,4,On-line Web application,Fully Meets,1.78,3,0,1/19/2019,3,1
"Baczenski, Nore",11088,0,1,0,5,5,1,1,84105,0,23,Shared Services Manager,CA,2045,03/14/85,F,Married,US Citizen,No,White,09/18/2016,,unhappy,Active,Production       ,Brian Champaigne,13,Google Search,Exceeds,1.48,1,4,02-07-2019,1,8
"Villanueva, Debbie",11089,0,3,1,1,1,2,1,55234,1,19,Production Technician I,AL,2446,11/22/66,M ,Separated,US Citizen,No,Black or African American,05-10-2016,03/17/2018,Another position,Active,Production       ,Brandon R. LeBlanc,3,On-line Web application,Fully Meets,3.11,2,2,2/18/2019,4,15
"Pitt, Jason",11090,1,4,0,5,6,4,1,99494,0,3,Area Sales Manager,NV,1890,02/14/73,F,Widowed,US Citizen,No,White,10/13/2016,,N/A-StillEmployed,Active,Production       ,Board of Directors,9,LinkedIn,Needs Improvement,2.65,1,1,1/14/2019,2,8
"Pitt, Susan",11091,1,0,1,1,3,1,0,112915,0,23,Shared Services Manager,OH,2148,10/23/71,M ,Single,US Citizen,No,White,04/13/2013,,N/A-StillEmployed,Active,Production       ,Alex Sweetwater,10,Other,Needs Improvement,1.44,5,7,2/21/2019,3,3
"Perry, Marilyn",11092,1,3,0,3,6,3,0,103801,0,15,Network Engineer,MT,2451,01/31/87,F,Separated,Non-Citizen,No,White,06/29/2015,,N/A-StillEmployed,Active,Production       ,Ketsia Liebig,19,Website,Needs Improvement,1.49,5,4,2/27/2019,3,15
"Potts, Mike",11093,0,3,1,2,6,4,0,128153,0,1,Accountant I,NY,2452,03-02-1980,M ,Separated,US Citizen,No,Black or African American,04/27/2010,,N/A-StillEmployed,Active,IT/IS,Brandon R. LeBlanc,3,Google Search,PIP,1.21,1,0,2/18/2019,5,20
"Smith, Barbara  M",11094,0,4,0,5,3,3,0,139430,0,16,President & CEO,PA,2360,11/24/89,F,Widowed,US Citizen,No,White,12/16/2013,,N/A-StillEmployed,Voluntarily Terminated,Production       ,Brandon R. LeBlanc,1,Google Search,Fully Meets,4.24,5,5,1/19/2016,3,6
"Sander, Jennifer",11095,1,0,0,1,3,4,1,104058,0,30,Enterprise Architect,NH,1810,01-04-1964,F,Single,US Citizen,Yes,White,12-10-2013,,N/A-StillEmployed,Active,Production       ,Brandon R. LeBlanc,1,Website,PIP,2.28,3,8,03-02-2015,3,19
"Le, Mathew",11096,0,3,1,3,3,1,1,105446,1,21,Sales Manager,IN,1890,03/17/66,M ,Separated,US Citizen,No,White,04-09-2013,04/15/2015,N/A-StillEmployed,Active,Production       ,Peter Monroe,7,Website,Needs Improvement,1.86,4,3,03-02-2016,1,19
"Goeth, Colombui",11097,1,0,1,3,4,1,1,131701,1,5,BI Director,CO,1801,01-07-1987,M ,Single,US Citizen,No,White,07-09-2006,07-08-2007,performance,Active,Production       ,Alex Sweetwater,10,Google Search,PIP,1.08,4,0,5/15/2012,1,13
"Foss, Miguel",11098,1,3,1,4,3,1,1,84305,0,21,Sales Manager,MA,1778,07-05-1979,M ,Separated,Eligible NonCitizen,No,Asian,03-05-2017,,N/A-StillEmployed,Voluntarily Terminated,Production       ,Lynn Daneault,21,Website,PIP,4.18,2,9,02-06-2019,3,4
"Steans, Binh",11099,0,1,1,4,1,4,0,67039,0,11,Director of Sales,TN,2127,07-11-1981,M ,Married,US Citizen,No,White,07/21/2013,,N/A-StillEmployed,Active,Production       ,Brian Champaigne,13,Website,PIP,1.97,2,9,2/18/2019,5,14
"Petingill, Anton",11100,0,4,0,5,3,2,1,132648,0,28,Sr. Network Engineer,ME,78789,05/19/82,F,Widowed,US Citizen,No,White,01/21/2008,,N/A-StillEmployed,Active,Production       ,Brian Champaigne,13,Indeed,Exceeds,4.04,3,4,1/30/2019,4,16
"Biden, Rex",11101,0,2,0,2,1,2,1,99382,1,11,Director of Sales,NC,2324,04/16/79,F,Divorced,US Citizen,No,Black or African American,08/14/2011,05/29/2013,N/A-StillEmployed,Active,Production       ,Board of Directors,9,CareerBuilder,Fully Meets,4.12,1,10,1/29/2019,5,20
"Roehrich, Mathew",11102,0,2,0,4,6,3,0,107498,1,17,Production Manager,AL,2747,05/14/87,F,Divorced,US Citizen,No,Black or African American,11/18/2016,08-08-2018,N/A-StillEmployed,Active,IT/IS,Kelley Spirea,18,Indeed,PIP,2.61,4,10,03-05-2012,2,19
"Sewkumar, Francesco  A",11103,1,3,0,1,1,2,0,54811,0,9,Data Analyst,FL,2451,11/24/89,F,Separated,US Citizen,No,White,11-06-2014,,gross misconduct,Active,Production       ,Elijiah Gray,16,Indeed,PIP,3.45,4,8,05-02-2015,0,19
"Buccheri, Ashley",11104,0,3,0,1,6,4,0,147621,0,13,IT Manager - Infra,MA,2492,11/27/79,F,Separated,US Citizen,No,White,09-06-2010,,N/A-StillEmployed,Active,IT/IS,Debra Houlihan,15,CareerBuilder,Needs Improvement,1.06,5,8,1/29/2019,2,13
"Navathe, Bradley  J",11105,1,2,1,5,6,4,1,61960,0,13,IT Manager - DB,ME,2132,02-09-1972,M ,Divorced,US Citizen,No,Black or African American,10-04-2007,,N/A-StillEmployed,Voluntarily Terminated,IT/IS,Brandon R. LeBlanc,3,LinkedIn,Fully Meets,4.28,1,0,1/18/2019,4,6
"McKinzie, Tanya",11106,0,0,0,3,5,4,0,61658,0,3,Area Sales Manager,NC,2119,06-11-1970,F,Single,US Citizen,No,White,08/21/2011,,N/A-StillEmployed,Terminated for Cause,IT/IS,Simon Roup,4,LinkedIn,Exceeds,1.62,5,6,02-01-2019,4,2
"Ybarra, Charlie",11107,0,0,0,5,6,4,1,49909,1,18,Production Manager,TX,2062,05-08-1980,F,Single,US Citizen,No,Black or African American,09-06-2015,06-01-2016,attendance,Active,Sales,Brandon R. LeBlanc,1,LinkedIn,PIP,3.44,3,6,1/29/2019,3,11
"MacLennan, Claudia  N",11108,1,0,1,1,6,2,0,108182,1,13,IT Manager - DB,PA,2135,05-01-1979,M ,Single,US Citizen,No,White,08-12-2016,04/22/2018,N/A-StillEmployed,Active,Production       ,Peter Monroe,7,Diversity Job Fair,Exceeds,2.05,1,6,2/21/2019,0,1
"Estremera, Michelle",11109,1,4,1,4,5,2,0,146396,0,4,BI Developer,NV,2126,08/15/68,M ,Widowed,US Citizen,Yes,White,03-07-2011,,unhappy,Active,Production       ,Jennifer Zamora,5,Diversity Job Fair,PIP,3.57,4,0,1/17/2019,5,7
"Chivukula, Roger",11110,1,2,0,3,6,1,0,136187,0,13,IT Manager - DB,TX,1886,11-02-1975,F,Divorced,US Citizen,No,White,01/24/2011,,N/A-StillEmployed,Active,Production       ,Eric Dougall,6,Other,Needs Improvement,3.44,3,1,2/24/2016,5,17
"Szabo, Kamrin",11111,1,2,0,3,2,4,0,118430,1,9,Data Analyst,AZ,2184,05/21/79,F,Divorced,US Citizen,No,Asian,08-04-2018,05-08-2019,more money,Active,Production       ,Alex Sweetwater,10,On-line Web application,Fully Meets,3.22,1,3,02-04-2016,4,7
"Von Massenbach, Hannibal",11112,0,0,1,1,1,3,0,109830,0,17,Production Manager,NY,1886,12-10-1986,M ,Single,US Citizen,No,White,09-07-2012,,N/A-StillEmployed,Active,Software Engineering,Michael Albert,22,Employee Referral,Needs Improvement,3.27,1,7,1/19/2016,2,13
"Gentry, Linda",11113,1,2,1,4,4,4,1,121791,0,11,Director of Sales,UT,2145,05-01-1979,M ,Divorced,US Citizen,No,White,06-07-2016,,career change,Active,Production       ,David Stanley,14,Indeed,Needs Improvement,3.43,2,10,04-06-2017,1,17
"Squatrito, Ricardo",11114,1,2,1,4,2,3,0,89949,1,18,Production Manager,PA,1778,08/24/90,M ,Divorced,US Citizen,No,Black or African American,09-06-2007,08-11-2008,N/A-StillEmployed,Active,Software Engineering,Kissy Sullivan,20,Website,Exceeds,4.84,5,4,1/29/2019,3,4
"Gordon, Elias",11115,0,4,0,4,5,4,0,97802,0,18,Production Manager,TX,1810,08/16/84,F,Widowed,US Citizen,No,White,11-02-2007,,unhappy,Active,Production       ,Simon Roup,4,On-line Web application,Fully Meets,3.29,1,5,1/28/2019,0,4
"Clukey, Randall",11116,1,2,0,4,2,4,0,110131,0,6,CIO,TN,5473,03/23/77,F,Divorced,US Citizen,Yes,Asian,04-10-2008,,N/A-StillEmployed,Active,Production       ,Brannon Miller,12,On-line Web application,PIP,4.56,2,5,01-10-2019,5,14
"Wallace, Caitrin",11117,1,3,0,5,4,1,0,46138,0,11,Director of Sales,CA,1778,05-06-1983,F,Separated,US Citizen,No,White,11/19/2015,,N/A-StillEmployed,Active,IT/IS,Michael Albert,22,CareerBuilder,PIP,2.17,3,9,01-07-2019,1,7
"Strong, Kurt",11118,0,0,1,3,2,1,0,122045,0,9,Data Analyst,NV,2050,04/14/81,M ,Single,US Citizen,No,Black or African American,01/29/2019,,N/A-StillEmployed,Active,Production       ,Lynn Daneault,21,Diversity Job Fair,Fully Meets,4.53,1,5,02-07-2019,1,17
"Trang, Neville",11119,0,2,0,1,2,1,0,145263,0,30,Enterprise Architect,AZ,2451,02-09-1983,F,Divorced,US Citizen,No,White,11/24/2009,,N/A-StillEmployed,Active,Production       ,Michael Albert,22,Employee Referral,Needs Improvement,2.76,4,1,04-02-2013,1,3
"Trang, Jordan",11120,1,4,0,2,1,2,1,111857,0,6,CIO,CA,2108,05/25/86,F,Widowed,US Citizen,No,White,07-08-2006,,career change,Voluntarily Terminated,IT/IS,Ketsia Liebig,19,Employee Referral,Exceeds,3.93,3,9,1/29/2019,5,11
"Chang, Lauren",11121,1,0,1,2,1,3,0,89920,0,13,IT Manager - DB,VA,1731,07-10-1983,M ,Single,US Citizen,No,White,04/18/2013,,N/A-StillEmployed,Active,Production       ,Brandon R. LeBlanc,3,Employee Referral,Fully Meets,3.14,1,7,1/28/2019,0,13
"Kampew, Alex",11122,0,3,1,2,5,2,1,117800,0,9,Data Analyst,VT,2360,08-10-1981,M ,Separated,US Citizen,No,White,11/30/2013,,N/A-StillEmployed,Voluntarily Terminated,Production       ,Amy Dunn,11,On-line Web application,Exceeds,2.81,3,1,1/17/2019,0,3
"Sullivan, Morissa",11123,0,1,0,5,2,1,1,136274,0,11,Director of Sales,NV,2044,12-05-1974,F,Married,US Citizen,Yes,Asian,05/22/2014,,N/A-StillEmployed,Voluntarily Terminated,Production       ,Webster Butler,39,Other,Fully Meets,2.23,4,4,1/22/2019,4,10
"Sander, Peter",11124,0,0,1,3,4,4,0,40108,1,23,Shared Services Manager,CT,2703,08-09-1983,M ,Single,US Citizen,No,White,01/15/2011,03/19/2011,N/A-StillEmployed,Active,Production       ,Eric Dougall,6,Other,Needs Improvement,1.44,5,5,1/21/2019,2,11
"Szabo, Debbie",11125,1,1,0,1,2,2,0,66565,0,15,Network Engineer,ME,2301,08/17/92,F,Married,US Citizen,No,Black or African American,07/24/2014,,N/A-StillEmployed,Active,Production       ,Debra Houlihan,15,Indeed,Fully Meets,3.3,5,6,1/14/2013,2,9
"Osturnka, Sophia",11126,0,0,0,5,4,2,0,131596,0,13,IT Manager - DB,PA,2050,11-07-1974,F,Single,US Citizen,No,Black or African American,10/25/2016,,N/A-StillEmployed,Active,Sales,Kissy Sullivan,20,Other,Exceeds,4.76,5,2,1/28/2019,3,6
"Kinsella, Lynn",11127,1,1,0,2,1,4,0,123004,0,21,Sales Manager,PA,2171,01-02-1951,F,Married,US Citizen,No,Black or African American,01/28/2015,,unhappy,Active,Admin Offices,Amy Dunn,11,Indeed,PIP,4.02,4,6,03-09-2018,3,5
"Keatts, Neville",11128,0,0,1,2,3,2,1,49508,1,29,Principal Data Architect,MA,1775,01-07-1987,M ,Single,US Citizen,No,White,10/14/2006,05-12-2009,N/A-StillEmployed,Voluntarily Terminated,Production       ,Debra Houlihan,15,Diversity Job Fair,Fully Meets,2.36,1,9,02-01-2013,4,12
"Dee, Cayo",11129,1,4,0,5,4,2,1,75130,1,9,Data Analyst,TX,19444,04-08-1977,F,Widowed,US Citizen,No,Black or African American,06-09-2007,08-11-2008,military,Active,Admin Offices,Brandon R. LeBlanc,3,Other,Exceeds,3.7,4,8,1/14/2019,5,9
"Linden, Trina",11130,1,4,0,5,4,4,0,113305,0,4,BI Developer,ND,2108,11-02-1975,F,Widowed,US Citizen,No,White,02/23/2013,,N/A-StillEmployed,Active,Software Engineering,John Smith,17,LinkedIn,Needs Improvement,3.2,3,0,01-10-2015,3,12
"Cady, Judith",11131,1,3,0,1,2,1,1,133338,0,25,Software Engineering Manager,MA,2453,03-10-1970,F,Separated,US Citizen,No,Black or African American,10/13/2005,,Another position,Active,Production       ,Kissy Sullivan,20,On-line Web application,Needs Improvement,2.7,5,2,01-10-2019,1,6
"Keatts, Jean",11132,0,1,1,1,3,2,1,59543,0,25,Software Engineering Manager,CT,2081,12/27/88,M ,Married,US Citizen,Yes,Asian,11/22/2011,,N/A-StillEmployed,Active,Production       ,Board of Directors,9,Other,Needs Improvement,4.72,2,10,7/14/2010,3,8
"Bates, Noah",11133,0,3,1,1,4,4,0,70682,1,26,Sr. Accountant,NC,1550,01-04-1964,M ,Separated,US Citizen,No,White,11/16/2011,02-12-2014,attendance,Active,Sales,Brandon R. LeBlanc,3,Google Search,Exceeds,2.33,3,2,2/15/2015,2,8
"Tippett, Carol",11134,0,0,1,1,5,2,1,46152,0,10,Director of Operations,NV,97756,09-01-1986,M ,Single,US Citizen,No,White,12-12-2014,,unhappy,Active,IT/IS,Janet King,2,CareerBuilder,PIP,1.62,5,4,02-12-2019,0,4
"Dougall, Phylicia",11135,1,1,1,5,3,2,1,102394,0,13,IT Manager - Support,OR,2184,03/28/83,M ,Married,US Citizen,No,White,02/25/2015,,N/A-StillEmployed,Terminated for Cause,IT/IS,Brannon Miller,12,Employee Referral,Exceeds,1.69,4,7,2/20/2013,5,13
"Soto, Leonara",11136,1,2,1,3,1,3,0,51799,1,23,Shared Services Manager,MA,1851,09/27/87,M ,Divorced,US Citizen,No,White,07/13/2010,09/27/2010,"no-call, no-show",Voluntarily Terminated,Production       ,Brandon R. LeBlanc,3,Indeed,Needs Improvement,3.87,2,2,04-12-2012,1,18
"Nowlan, Kenneth",11137,0,4,0,5,4,2,1,88070,1,12,IT Director,IN,2451,08/24/90,F,Widowed,US Citizen,No,White,08-10-2007,10-10-2009,N/A-StillEmployed,Active,Production       ,Brandon R. LeBlanc,3,Website,Fully Meets,4.53,1,9,04-05-2013,4,17
"Sahoo, Alex",11138,0,4,1,3,3,4,1,88424,0,14,IT Support,PA,2048,06-11-1970,M ,Widowed,US Citizen,No,Asian,06-02-2007,,N/A-StillEmployed,Voluntarily Terminated,Production       ,Kissy Sullivan,20,CareerBuilder,Fully Meets,2.62,1,10,1/21/2019,5,4
"Winthrop, Earnest",11139,0,1,0,4,2,2,1,120769,0,20,Production Technician II,TN,1778,06-05-1967,F,Married,US Citizen,No,Black or African American,02/20/2019,,N/A-StillEmployed,Active,Production       ,David Stanley,14,Google Search,PIP,2.37,3,9,2/22/2019,2,7
"Smith, Vincent",11140,0,0,1,4,6,2,1,145683,1,1,Accountant I,PA,2170,06/29/85,M ,Single,US Citizen,No,White,04/16/2017,03/24/2020,N/A-StillEmployed,Active,IT/IS,Brannon Miller,12,Employee Referral,PIP,4.86,4,1,2/28/2019,4,5
"Carey, James",11141,1,2,1,5,5,1,1,99442,0,12,IT Director,IN,2330,01/15/68,M ,Divorced,US Citizen,No,Black or African American,12/21/2018,,N/A-StillEmployed,Voluntarily Terminated,Sales,Michael Albert,22,On-line Web application,Fully Meets,2.11,3,8,2/27/2019,4,8
"Myers, Sam",11142,1,1,0,2,6,1,1,62957,1,19,Production Technician I,ME,2452,04-06-1985,F,Married,US Citizen,No,Black or African American,09-12-2013,11-03-2015,N/A-StillEmployed,Active,Production       ,Brandon R. LeBlanc,3,Employee Referral,Needs Improvement,1.58,5,0,1/31/2019,0,3
"Zhou, Kramer",11143,1,0,0,4,5,3,0,50188,0,15,Network Engineer,TX,2045,02/25/51,F,Single,US Citizen,No,Black or African American,07-03-2014,,career change,Voluntarily Terminated,Production       ,Peter Monroe,7,Diversity Job Fair,PIP,1.58,3,4,1/25/2019,1,18
"Martin, Amy",11144,0,2,1,5,2,4,0,88380,0,8,Database Administrator,TX,2048,09-05-1985,M ,Divorced,US Citizen,Yes,Black or African American,12/26/2007,,career change,Active,Production       ,Eric Dougall,6,CareerBuilder,Needs Improvement,3.19,4,7,03-02-2013,1,3
"Stoica, Enrico",11145,1,3,1,3,5,3,0,54325,0,6,CIO,NH,2127,05-01-1979,M ,Separated,US Citizen,No,White,08/29/2018,,N/A-StillEmployed,Active,Sales,Eric Dougall,6,Indeed,Fully Meets,2.79,4,3,7/14/2010,5,11
"Candie, Eric",11146,0,1,1,1,3,3,1,138781,1,17,Production Manager,GA,2451,08/28/63,M ,Married,US Citizen,No,White,01-01-2014,01/21/2016,performance,Active,Production       ,Alex Sweetwater,10,Indeed,PIP,2.95,3,1,1/30/2013,4,13
"Fitzpatrick, Daniel",11147,1,1,1,1,5,2,1,131869,1,23,Shared Services Manager,WA,2090,05-11-1990,M ,Married,US Citizen,No,White,10-04-2003,05-01-2005,N/A-StillEmployed,Active,IT/IS,Simon Roup,4,CareerBuilder,Needs Improvement,3.65,5,5,1/24/2019,3,16
"Barbossa, Joanne",11148,0,4,0,4,6,3,0,56598,1,13,IT Manager - Infra,MT,2148,08/15/68,F,Widowed,US Citizen,No,White,04/23/2015,09/24/2016,N/A-StillEmployed,Active,Production       ,Brannon Miller,12,Employee Referral,Exceeds,3.9,1,4,1/23/2019,0,11
"Ait Sidi, Taylor",11149,0,0,1,1,1,2,1,55193,1,6,CIO,CO,2184,08/26/80,M ,Single,US Citizen,No,White,07/18/2010,12/28/2011,unhappy,Voluntarily Terminated,Production       ,Brannon Miller,12,LinkedIn,PIP,1.35,3,2,2/24/2016,0,18
"Petrowsky, Jacquelyn",11150,1,4,0,4,4,1,0,91201,0,2,Administrative Assistant,KY,2421,09/15/85,F,Widowed,US Citizen,Yes,American Indian or Alaska Native,08-07-2013,,N/A-StillEmployed,Voluntarily Terminated,Production       ,Michael Albert,22,On-line Web application,PIP,1.79,1,0,01-10-2019,5,18
"Keatts, Catherine",11151,0,4,1,3,3,3,0,120352,0,15,Network Engineer,ID,2045,08/25/76,M ,Widowed,US Citizen,No,White,03-05-2009,,N/A-StillEmployed,Active,IT/IS,Janet King,2,CareerBuilder,Fully Meets,4.66,2,2,1/14/2019,3,7
"Corleone, William",11152,1,4,1,2,3,3,0,70652,0,18,Production Manager,VT,1905,01/31/87,M ,Widowed,US Citizen,No,Black or African American,06-01-2017,,Another position,Voluntarily Terminated,Production       ,Lynn Daneault,21,On-line Web application,Exceeds,3.49,5,7,07-02-2013,5,14
"Hudson, Brannon",11153,0,2,0,4,5,1,1,104966,0,2,Administrative Assistant,FL,1776,03/14/85,F,Divorced,US Citizen,No,White,12/21/2015,,attendance,Active,Sales,Simon Roup,4,Website,Needs Improvement,2.52,2,2,02-04-2019,4,4
"Harrington, Karen",11154,1,3,0,3,4,3,0,111945,0,2,Administrative Assistant,TN,1760,04-08-1977,F,Separated,US Citizen,No,White,04/15/2019,,relocation out of area,Active,Production       ,Peter Monroe,7,LinkedIn,Needs Improvement,3.44,4,5,04-02-2015,3,5
"Vega, Erasumus",11155,1,1,1,5,2,3,1,145302,0,16,President & CEO,KY,1701,09-05-1985,M ,Married,US Citizen,No,Black or African American,09-08-2016,,N/A-StillEmployed,Active,Sales,Amy Dunn,11,Employee Referral,Fully Meets,3.23,2,5,1/24/2019,0,17
"Ndzi, Randall",11156,1,2,0,3,5,3,0,146076,0,13,IT Manager - Infra,KY,2132,08/24/90,F,Divorced,US Citizen,No,Black or African American,08/24/2014,,career change,Voluntarily Terminated,Production       ,Brian Champaigne,13,Employee Referral,Fully Meets,1.94,3,6,1/14/2019,4,19
"Cole, Nori",11157,1,0,0,4,6,1,1,87538,0,22,Senior BI Developer,TX,6033,01/18/52,F,Single,US Citizen,No,White,06-12-2012,,N/A-StillEmployed,Terminated for Cause,Production       ,Jennifer Zamora,5,CareerBuilder,Needs Improvement,1.07,2,5,1/14/2019,5,6
"Sloan, Brooke",11158,0,1,0,2,1,4,1,52187,0,4,BI Developer,NY,6033,08/17/86,F,Married,US Citizen,No,Two or more races,10/27/2014,,career change,Active,Production       ,Janet King,2,LinkedIn,Needs Improvement,1.42,2,7,7/14/2010,3,8
"Johnson, Miguel",11159,0,1,0,2,3,3,0,68422,0,27,Sr. DBA,CT,2062,03-10-1979,F,Married,US Citizen,No,White,03-12-2012,,N/A-StillEmployed,Active,Production       ,Elijiah Gray,16,Diversity Job Fair,Exceeds,4.03,5,8,01-07-2019,4,3
"Keatts, Kissy",11160,1,2,1,2,2,2,1,75315,0,20,Production Technician II,ID,1880,03/19/79,M ,Divorced,US Citizen,No,White,04-02-2017,,Another position,Voluntarily Terminated,Production       ,Brian Champaigne,13,LinkedIn,Exceeds,3.08,3,4,1/28/2019,3,12
"Johnson, Shakira",11161,1,3,1,2,6,2,0,140921,1,8,Database Administrator,OH,2747,07/25/79,M ,Separated,US Citizen,No,White,12-08-2014,06/16/2016,unhappy,Active,Production       ,Brandon R. LeBlanc,3,Indeed,Needs Improvement,1.46,3,5,1/29/2019,3,19
"Lynch, Sneha",11162,0,1,0,5,1,2,0,76658,0,9,Data Analyst,NC,1887,03/17/88,F,Married,US Citizen,No,Asian,09-01-2016,,N/A-StillEmployed,Terminated for Cause,Sales,Brannon Miller,12,On-line Web application,Exceeds,2.68,4,6,1/21/2019,5,10
"Hitchcock, Kamrin",11163,0,3,0,2,1,4,1,119698,0,16,President & CEO,TN,2050,07-11-1981,F,Separated,US Citizen,No,White,08/13/2015,,N/A-StillEmployed,Active,Production       ,Alex Sweetwater,10,Diversity Job Fair,Needs Improvement,2.13,1,1,1/14/2019,5,9
"Gruber, Enrico",11164,0,2,0,1,5,2,0,101641,0,7,Data Architect,NC,2110,04/13/64,F,Divorced,US Citizen,No,Black or African American,08-09-2007,,N/A-StillEmployed,Active,Production       ,Ketsia Liebig,19,CareerBuilder,Needs Improvement,4.01,5,10,01-04-2019,2,17
"Carabbio, Linda",11165,1,1,0,2,6,4,0,84587,0,23,Shared Services Manager,TN,1773,04/14/55,F,Married,US Citizen,No,Asian,10-11-2013,,N/A-StillEmployed,Voluntarily Terminated,Production       ,Eric Dougall,6,Indeed,Exceeds,4.26,2,7,1/22/2019,1,18
"Cloninger, Linda",11166,1,4,1,4,6,4,1,88785,0,7,Data Architect,MA,1810,11/23/81,M ,Widowed,US Citizen,No,White,07/15/2007,,N/A-StillEmployed,Active,Production       ,Michael Albert,30,Diversity Job Fair,Fully Meets,3.75,5,6,2/25/2019,1,18
"Tredinnick, Caroline",11167,0,1,0,5,5,4,0,46513,1,4,BI Developer,AZ,1876,03/31/89,F,Married,US Citizen,No,Black or African American,10-03-2008,12-05-2010,N/A-StillEmployed,Active,Production       ,Michael Albert,22,Indeed,Fully Meets,2.6,1,6,1/14/2019,3,9
"Adinolfi, Taylor",11168,0,1,0,5,2,2,1,96236,1,23,Software Engineer,NH,2446,04-06-1985,F,Married,US Citizen,No,Black or African American,12-01-2010,12/20/2011,N/A-StillEmployed,Active,Production       ,Alex Sweetwater,10,Google Search,PIP,4.2,1,1,01-07-2019,1,20
"Clayton, Brannon",11169,0,2,1,2,5,3,0,54103,0,8,Database Administrator,PA,2452,07-01-1984,M ,Divorced,US Citizen,No,White,07/21/2014,,N/A-StillEmployed,Active,Production       ,Kissy Sullivan,20,On-line Web application,Exceeds,3.26,2,3,4/15/2015,1,5
"Woodson, Amy",11170,1,3,1,4,1,1,0,117813,1,1,Accountant I,UT,1824,05-01-1979,M ,Separated,US Citizen,No,Asian,11/29/2009,06/29/2012,N/A-StillEmployed,Voluntarily Terminated,Sales,Alex Sweetwater,10,On-line Web application,Needs Improvement,1.47,3,2,02-01-2013,5,13
"Chigurh, Janine",11171,0,2,0,3,4,2,1,88148,1,3,Area Sales Manager,VA,2478,01-04-1984,F,Divorced,US Citizen,No,Two or more races,05/31/2010,01/30/2012,N/A-StillEmployed,Active,Production       ,Peter Monroe,7,On-line Web application,Exceeds,1.24,5,9,1/28/2019,4,7
"Carr, Mathew",11172,1,1,1,4,6,4,1,110598,0,23,Shared Services Manager,NY,2301,09-11-1972,M ,Married,US Citizen,No,White,10-07-2013,,Another position,Voluntarily Terminated,Production       ,Brandon R. LeBlanc,1,Diversity Job Fair,Needs Improvement,3.2,3,7,1/14/2019,0,14
"Fett, Nina",11173,1,2,0,1,1,3,0,94478,0,21,Sales Manager,ND,2169,03/26/73,F,Divorced,US Citizen,No,Black or African American,11/13/2016,,more money,Active,Sales,David Stanley,14,Diversity Job Fair,Needs Improvement,1.74,4,4,2/18/2019,5,8
"Roper, Xana",11174,1,2,0,3,2,3,1,80539,0,8,Database Administrator,MT,2145,04/15/88,F,Divorced,US Citizen,No,White,02/24/2016,,N/A-StillEmployed,Active,Production       ,Alex Sweetwater,10,Google Search,Exceeds,4.27,3,9,1/22/2019,5,20
"Rhoads, Alex",11175,1,0,1,3,4,4,0,83087,0,3,Area Sales Manager,FL,2451,05/21/87,M ,Single,US Citizen,No,White,10/22/2011,,N/A-StillEmployed,Active,IT/IS,Kelley Spirea,18,Diversity Job Fair,Exceeds,1.77,5,3,1/28/2019,5,9
"Jhaveri, Jean",11176,1,0,0,3,4,2,1,137849,0,3,Area Sales Manager,MA,1938,07-11-1981,F,Single,Non-Citizen,No,White,12/16/2008,,N/A-StillEmployed,Active,Sales,John Smith,17,Google Search,Fully Meets,3.83,1,10,3/30/2013,3,17
"Hutter, Bartholemew",11177,1,0,1,1,5,2,0,131112,0,28,Sr. Network Engineer,KY,30428,04-05-1987,M ,Single,US Citizen,No,Black or African American,05/16/2012,,N/A-StillEmployed,Terminated for Cause,Production       ,Eric Dougall,6,Other,Exceeds,3.83,1,5,1/14/2019,5,2
"Engdahl, Rose",11178,0,1,1,3,5,2,0,72048,1,6,CIO,CO,2081,08/24/83,M ,Married,US Citizen,Yes,White,08/16/2009,11/15/2011,unhappy,Active,Software Engineering,Board of Directors,9,Google Search,Needs Improvement,3.64,5,1,03-02-2017,2,1
"Jackson, Lindsay",11179,1,2,0,2,3,3,0,42369,1,19,Production Technician I,ID,1752,08/28/63,F,Divorced,US Citizen,No,Black or African American,06-05-2018,04/23/2020,N/A-StillEmployed,Active,Production       ,Brian Champaigne,13,Indeed,Exceeds,4.09,2,2,8/16/2015,2,13
"Huynh, Donovan  E",11180,0,2,1,4,5,3,0,99384,0,2,Administrative Assistant,OR,1770,11-08-1988,M ,Divorced,US Citizen,No,Two or more races,01/20/2008,,Another position,Active,IT/IS,Amy Dunn,11,CareerBuilder,Needs Improvement,3.99,2,5,03-10-2015,0,15
"Simard, Mei",11181,1,0,0,4,5,3,1,141012,0,28,Sr. Network Engineer,OH,2056,01-07-1985,F,Single,US Citizen,No,White,04-03-2016,,Another position,Active,Production       ,Kissy Sullivan,20,CareerBuilder,Fully Meets,3.07,3,7,2/19/2019,0,8
"True, Taisha",11182,1,0,0,4,4,1,1,110499,0,9,Data Analyst ,ND,2492,07-11-1981,F,Single,US Citizen,No,Black or African American,10/19/2012,,N/A-StillEmployed,Voluntarily Terminated,Software Engineering,Amy Dunn,11,Website,PIP,3.01,1,9,2/18/2019,4,2
"Bugali, Charlie",11183,0,1,0,5,4,4,0,131787,0,2,Administrative Assistant,CO,2135,05/31/74,F,Married,US Citizen,No,White,06/27/2013,,N/A-StillEmployed,Active,Production       ,Lynn Daneault,21,Indeed,Needs Improvement,3.77,3,0,01-10-2016,4,12
"Myers, Lisa",11184,0,3,1,5,3,2,1,53202,0,26,Sr. Accountant,RI,2445,10/30/69,M ,Separated,US Citizen,No,White,05-02-2015,,hours,Voluntarily Terminated,Production       ,Eric Dougall,6,Other,Exceeds,2.5,5,2,3/30/2013,4,2
"Smith, Michael  J",11185,1,1,1,5,1,2,1,79860,0,18,Production Manager,AZ,2472,04/14/55,M ,Married,US Citizen,Yes,White,08/24/2010,,N/A-StillEmployed,Active,Production       ,Amy Dunn,11,Google Search,Needs Improvement,3.53,1,6,02-06-2019,5,1
"Pelletier, Randall",11186,1,1,0,4,4,1,1,146880,1,4,BI Developer,PA,2045,06-03-1967,F,Married,US Citizen,No,Asian,09/24/2017,04-01-2020,N/A-StillEmployed,Active,Admin Offices,Kelley Spirea,18,Employee Referral,Needs Improvement,1.01,3,1,1/24/2019,1,14
"Roehrich, Leigh Ann",11187,0,2,0,4,2,3,0,121209,0,15,Network Engineer,CA,2045,09-11-1972,F,Divorced,US Citizen,No,White,04/25/2010,,N/A-StillEmployed,Active,Production       ,Kissy Sullivan,20,On-line Web application,Exceeds,3.52,4,1,03-10-2015,4,3
"Galia, Julissa",11188,0,4,1,3,6,1,1,85570,1,7,Data Architect,IN,2360,05-05-1975,M ,Widowed,US Citizen,No,Asian,05/16/2013,04/24/2014,N/A-StillEmployed,Active,Production       ,Debra Houlihan,15,Indeed,Needs Improvement,4.77,5,4,04-02-2016,3,6
"Del Bosque, Haley",11189,1,1,0,1,2,4,1,51468,0,17,Production Manager,AL,1752,02-12-1979,F,Married,Eligible NonCitizen,No,White,03/18/2012,,N/A-StillEmployed,Active,IT/IS,Brian Champaigne,13,Diversity Job Fair,Exceeds,1.09,1,9,1/21/2019,3,3
"Cross, Nicole",11190,1,2,0,3,1,3,1,141018,0,29,Principal Data Architect,ND,78230,07-06-1968,F,Divorced,US Citizen,No,White,09/23/2010,,N/A-StillEmployed,Active,Production       ,Eric Dougall,6,Employee Referral,Needs Improvement,4.64,3,8,1/17/2019,5,7
"Cady, Denisa  S",11191,1,0,0,4,2,4,1,51195,0,19,Production Technician I,KY,2134,10/30/69,F,Single,US Citizen,Yes,White,03/31/2016,,N/A-StillEmployed,Active,Admin Offices,Elijiah Gray,16,LinkedIn,Exceeds,3.58,2,3,02-01-2019,5,2
"Baczenski, Haley",11192,1,3,1,5,5,3,0,145264,0,7,Data Architect,CT,2474,07-04-1988,M ,Separated,US Citizen,No,White,08-10-2016,,N/A-StillEmployed,Active,Production       ,Elijiah Gray,16,CareerBuilder,Needs Improvement,4.73,3,2,01-03-2019,3,9
"Whittier, John",11193,1,3,0,5,2,3,1,110102,1,28,Sr. Network Engineer,ID,2138,06-10-1986,F,Separated,US Citizen,Yes,Black or African American,10-01-2010,06/25/2011,N/A-StillEmployed,Voluntarily Terminated,Production       ,Peter Monroe,7,Website,Fully Meets,1.88,3,10,01-11-2019,5,13
"Miller, Denisa  S",11194,1,2,0,3,5,2,1,78537,1,20,Production Technician II,FL,33174,02-02-1980,F,Divorced,US Citizen,No,White,06/19/2017,04-07-2018,N/A-StillEmployed,Active,Production       ,Brian Champaigne,13,Google Search,Needs Improvement,2.03,5,0,1/14/2019,3,5
"Kirill, Randy",11195,0,3,1,1,2,1,0,89414,0,29,Principal Data Architect,ME,1821,08/17/86,M ,Separated,US Citizen,No,White,06-07-2015,,N/A-StillEmployed,Voluntarily Terminated,Production       ,Lynn Daneault,21,LinkedIn,PIP,3.64,4,10,1/29/2019,0,13
"Chace, Taisha",11196,0,0,1,1,2,4,1,41574,0,7,Data Architect,MA,2122,01/18/52,M ,Single,US Citizen,No,Asian,10/30/2006,,N/A-StillEmployed,Active,Production       ,Elijiah Gray,16,On-line Web application,PIP,3.76,3,8,2/27/2019,2,8
"Dougall, Lowan  M",11197,1,1,0,3,4,4,0,113321,0,13,IT Manager - Support,AL,2125,06-05-1967,F,Married,US Citizen,No,Black or African American,02-04-2008,,return to school,Active,Sales,Elijiah Gray,16,Employee Referral,Fully Meets,3.31,4,10,01-04-2019,1,20
"Mahoney, Jacquelyn",11198,0,2,1,3,4,4,0,138381,0,18,Production Manager,MA,1810,04/13/64,M ,Divorced,US Citizen,No,White,02-12-2019,,N/A-StillEmployed,Active,Production       ,Webster Butler,39,Website,PIP,1.65,5,4,2/15/2015,2,16
"DiNocco, Kamrin",11199,1,2,0,4,2,1,1,78403,0,9,Data Analyst ,KY,2170,08/28/63,F,Divorced,US Citizen,No,White,06-12-2008,,attendance,Voluntarily Terminated,Production       ,Jennifer Zamora,5,Google Search,PIP,4.46,1,8,1/19/2019,2,5
"Turpin, Debra",11200,0,4,1,1,1,3,0,109003,0,14,IT Support,NV,2125,05-09-1984,M ,Widowed,US Citizen,Yes,Asian,06/19/2011,,military,Active,Production       ,John Smith,17,Indeed,PIP,3.44,4,1,01-10-2019,3,3
"Robertson, Elijian",11201,1,3,1,2,4,2,1,131650,1,16,President & CEO,CT,2125,10-02-1969,M ,Separated,US Citizen,Yes,Asian,04/18/2018,12/21/2019,N/A-StillEmployed,Active,Production       ,Michael Albert,22,LinkedIn,PIP,3.7,2,7,2/25/2019,2,14
"Miller, Lauren",11202,1,2,0,1,5,4,0,136062,0,25,Software Engineering Manager,RI,2134,04-05-1987,F,Divorced,US Citizen,No,White,12/16/2008,,N/A-StillEmployed,Active,Production       ,Webster Butler,39,Other,Exceeds,3.45,2,8,01-02-2019,2,12
"Sloan, Barbara",11203,0,0,1,4,6,4,0,62265,0,5,BI Director,ME,1775,06-06-1986,M ,Single,US Citizen,No,White,11/15/2017,,N/A-StillEmployed,Voluntarily Terminated,Production       ,Brian Champaigne,13,Other,PIP,3.56,1,5,1/19/2016,4,15
"Tejeda, Lowan  M",11204,0,1,1,4,2,1,1,110103,0,27,Sr. DBA,ME,2324,07-06-1968,M ,Married,US Citizen,No,Asian,04/27/2011,,career change,Voluntarily Terminated,Production       ,David Stanley,14,Diversity Job Fair,Exceeds,3.7,5,9,2/27/2019,4,20
"Petrowsky, David",11205,1,1,0,4,5,4,1,147177,0,16,President & CEO,TN,1450,08/24/83,F,Married,US Citizen,No,White,05-05-2011,,N/A-StillEmployed,Active,Software Engineering,John Smith,17,Employee Referral,Needs Improvement,4.8,1,0,1/14/2019,1,9
"Ait Sidi, Adil",11206,1,2,1,1,1,4,0,122217,0,9,Data Analyst ,VT,2110,01/19/76,M ,Divorced,US Citizen,No,White,01/19/2014,,N/A-StillEmployed,Voluntarily Terminated,Sales,Michael Albert,30,Google Search,PIP,1.95,2,0,1/19/2019,2,8
"Motlagh, Luisa",11207,1,2,0,3,6,2,0,144981,1,4,BI Developer,NH,1844,09-05-1991,F,Divorced,US Citizen,No,White,07-03-2012,07-08-2013,attendance,Active,Production       ,Amy Dunn,11,Other,Exceeds,1.78,5,5,1/14/2019,4,5
"Ndzi, George",11208,0,0,0,5,3,2,0,147829,0,29,Principal Data Architect,CT,2148,09-02-1983,F,Single,US Citizen,No,Black or African American,05-04-2012,,N/A-StillEmployed,Active,IT/IS,Janet King,2,On-line Web application,PIP,2.79,1,3,01-07-2019,4,20
"Lajiri, Thomas",11209,0,4,1,5,2,4,0,145526,1,12,IT Director,UT,2747,02-09-1972,M ,Widowed,US Citizen,No,White,07/17/2009,04-07-2011,N/A-StillEmployed,Active,Production       ,Alex Sweetwater,10,Employee Referral,PIP,2.41,4,3,1/24/2019,4,17
"Sutwell, Jennifer",11210,0,4,0,5,3,1,0,115046,0,18,Production Manager,MT,1886,03-10-1975,F,Widowed,US Citizen,No,White,09/16/2008,,N/A-StillEmployed,Active,Production       ,Elijiah Gray,16,Google Search,Fully Meets,1.38,3,1,4/19/2014,3,8
"Cross, Joelle",11211,1,1,0,5,5,2,0,66319,0,27,Sr. DBA,TX,2468,03-06-1988,F,Married,US Citizen,No,White,03-04-2013,,N/A-StillEmployed,Active,Production       ,Kelley Spirea,18,On-line Web application,PIP,1.42,3,0,04-12-2012,5,18
